page_id,id,name,magnet,size,uploader
5573,eOxGdGJ8,1080P.FamilyTherapy.Stella.Barey.Rara.Knupps.The.Popular.Girls.r.n.POV.Taboo.Family.StepSister.Teen.NaturalTits.BigBooty.BigAss.Blowjob.DeepThroat.Cumshot.Facial.Anal.HardAnal.Hard.Hardcore.Group.Threesome.HighQuality.1080P.Ad1os.mp4,magnet:?xt=urn:btih:b515d98f76a900a7068be8b64a0c5e63fdb90a47,527.74 Mb,@Ad1os_yps
5573,eOxGc3hD,HD.CastingCouch.HD.Jeny.She.Thought.it.was.Impossible.r.n.POV.Casting.Teen.NaturalTits.Blowjob.DeepThroat.Anal.HardAnal.Hard.Hardcore.Black.Interracial.BBC.HighQuality.Ad1os.mp4,magnet:?xt=urn:btih:029919eeb00817dac18af4a467ae888041dc3057,962.89 Mb,@Ad1os_yps
5573,3PXZk2A,1080P.AsianSexDiary.Htway.Myanmar.Sex.Beauty.Wraps.My.Cock.Again.r.n.POV.Asian.Teen.Skinny.Tiny.BigTits.NaturalTits.Creampie.Hard.Hardcore.HighQuality.1080P.Ad1os.mp4,magnet:?xt=urn:btih:66733a33dd11c87ece2143cd6c60479ebe80f9da,301.77 Mb,@Ad1os_yps
5573,eOxEs4Qt,1080p.BradMontana.Elisa.Sanches.Shayenne.Samara.Giovana.Bombom.Alice.Lemes.Verdade.ou.Desafio.Anal.BigAss.Latina.Orgy.Group.BigTits.Rimming.Creampie.Cuminmouth.HighQuality.1080P.FullHD.MeetMyLove.mp4,magnet:?xt=urn:btih:c8b17fb2c149ac539091f3912ac73abe9dfe0f78,575.02 Mb,@MeetMyLove_yps
5573,3PXOAc6,Isabella.Salvatore.Isabella.Keeps.it.Rockin.anal.bigtits.blonde.blowjob.hardcore.trans.mp4,magnet:?xt=urn:btih:30a68a3040fe21464af30af075824d6056efae61,909.92 Mb,@AJ47_yps
5573,eOxAY11G,ruth.lee.full.video.HD.https.streamhub.ink.ydvkk54pavih.new.pussy.Cum.onlyfans.Fuck.Amateur.Bigtits.Bigass.Blowjob.mp4,magnet:?xt=urn:btih:f1326ac74bf204aeea3148b4315e48404255f72e,199.08 Mb,@yutio_yps
5573,eOxAIKgZ,August.Interracia.Anal.Fuck.6.on.1.DP.with.Piss.for.18yo.August.with.Gape.and.Creampies.VG247.bigass.black.blonde.blowjob.creampie.doublepenetration.gangbang.hardcore.teen.mp4,magnet:?xt=urn:btih:b09b5a2b39644846df65dacda31dbb9658229b98,869.08 Mb,@AJ47_yps
5573,eOx9P8QO,1080p.LegalPorno.Avi.Love.DAP.destination.with.Avi.Love.Balls.Deep.Anal.Hardcore.GangBang.Double.DoubleAnal.AssToMouth.BigAss.Deepthroat.Gaping.SmallTits.Cuminmouth.HighQuality.1080P.FullHD.MeetMyLove.mp4,magnet:?xt=urn:btih:389a190b27a4d79fd37c391dc19800ac01f2df27,597.65 Mb,@MeetMyLove_yps
5573,eOx90Dvx,New.Whitney.OC.New.Wife.Whitney.OC.Gets.Her.Shaved.Snatch.Fucked.Hard.2023.Hardcore.Milf.Bigtits.Blonde.ILUVY.mp4,magnet:?xt=urn:btih:d9e1c7616e39f8f9f597c5ccd2b1de10751e727e,1004.85 Mb,@ILUVY_yps
5573,eOx9mUZq,New.Kylie.Rocket.Serene.Siren.15.09.2023.Hardcore.Lesbian.Blonde.Bigtits.ILUVY.mp4,magnet:?xt=urn:btih:d57b1585c15388ff472370e52f44d5b7d03035c2,890.67 Mb,@ILUVY_yps
5573,hash,N/A,N/A,N/A,N/A
5572,eOxOhxwc,Violet.Starr.16109988.Onlyfans.Johnny.Sins.https.doodstream.com.d.tm2tm9zyve6i.ripnsfw222.milf.pool.bigtits.bigass.blowjob.mp4,magnet:?xt=urn:btih:061b811de788a4271be7487c7bd401882909a44f,936.74 Mb,@RIPNsfw222_yps
5572,eOxObSWu,Kayla.Kayden.Double.Penetration.anal.bigass.bigtits.blonde.blowjob.doublepenetration.hardcore.threesome.mp4,magnet:?xt=urn:btih:d3dd6ef98ccbaf3bdeaa48c9a05d8f6337ad7276,740.37 Mb,@AJ47_yps
5572,eOxNZXF3,Wolf.Wagner.Kira.Queen.Blowjob.Bunny.Receives.Hot.Load.POV.BigTits.Tits.Ass.Booty.Whooty.BubbleButt.Butt.Doggy.Doggystyle.Backshots.CumInMouth.Roleplay.mp4,magnet:?xt=urn:btih:34362fed3df09c1321b9939164d75d5cd575ec4d,588.09 Mb,@KRSOne37_yps
5572,eOxNZmtf,Goddess.Angelina.42295560.Onlyfans.https.doodstream.com.d.386w7x4u33xl.ripnsfw222.milf.bigtits.blowjob.swallow.new.2023.mp4,magnet:?xt=urn:btih:27a1628f88b145f50ce9fcbfc94ab1462b7bcf7a,535.76 Mb,@RIPNsfw222_yps
5572,eOxNL8d2,Sage.Rabbit.Episode.340.anal.bigass.blonde.blowjob.hardcore.rimming.mp4,magnet:?xt=urn:btih:e2a5d6d805d41f31efc67c48939c8fd3f42ab12a,2003.85 Mb,@AJ47_yps
5572,eOxNFe7Z,Whoa.Boyz.September.Reign.BigTits.Big.Creampie.Black.Latina.Brazilian.Oil.oiled.Tits.Ass.Booty.BubbleButt.Butt.Doggy.Doggystyle.Backshots.mp4,magnet:?xt=urn:btih:ca619360ce73a503fa4a139916ea0689c79c9eb5,486.68 Mb,@KRSOne37_yps
5572,eOxNwIEF,Dylan.95869925.Exploited.College.Girls.https.doodstream.com.d.4z1or96kk3or.ripnsfw222.teen.blonde.threesome.blowjob.facial.mp4,magnet:?xt=urn:btih:c7fa8acca6b599f86207431e16ff475492e87987,1182.98 Mb,@RIPNsfw222_yps
5572,eOxNw6V7,Trip.For.Fuck.Clara.Trinity.POV.Asian.Filipina.Pinay.Pinoy.Fun.Tits.Ass.Booty.BubbleButt.Butt.Doggy.Doggystyle.Backshots.Creampie.mp4,magnet:?xt=urn:btih:298f5a6dc4f458c3845c41ab8de7989219277f12,722.37 Mb,@KRSOne37_yps
5572,eOxNvOwh,Brandi.Love.65429861.PornFidelity.https.vtbe.to.uwg6q8ym54rx.html.ripnsfw222.milf.bigtits.shower.blowjob.bigass.blonde.facial.mp4,magnet:?xt=urn:btih:9939d1a63ad78f50daaeffb99801da41b9e292e2,262.89 Mb,@RIPNsfw222_yps
5572,eOxMXJkP,TMW.POV.Anastasia.Brokelyn.Hispanic.Tits.Ass.Booty.Whooty.BubbleButt.Butt.Doggy.Doggystyle.Backshots.CumOnAss.Roleplay.mp4,magnet:?xt=urn:btih:656c42c85dbb308c932ef2a4cd8814b9ca5868cc,274.32 Mb,@KRSOne37_yps
5572,3PYFDqu,TODAY.S.RELEASE.r.nSisLovesMe.Scarlett.Hampton.My.Friend.Likes.Anal.15.9.2023.Anal.Cute.Teen.BigTits.BigAss.BigButt.StepSis.StepSister.StepBrother.Family.FamilySex.POV.Rough.RoughSex.Hardcore.LordFyree.mp4,magnet:?xt=urn:btih:57a8db0e51a52f629b6d5d267f870acb7c8e6f2c,579.15 Mb,@LordFyree_yps
5572,3PYFr4o,Tiny.Sis.Vanessa.Moon.Snowed.In.With.Her.POV.Mixed.Exotic.Black.Asian.Japanese.Tits.Ass.Booty.BubbleButt.Butt.Doggy.Doggystyle.Backshots.CumInMouth.Facial.NoChromo.Roleplay.Interracial.mp4,magnet:?xt=urn:btih:aa47cded02c210ffc1a6e4683aeccf0960d28084,669.02 Mb,@KRSOne37_yps
5572,eOxMEkQr,MrLuckyRaw.Sarah.Arabic.Sarah.Arabic.Gets.A.Hard.Pounding.And.Satisfying.Creampie.Milf.BigTits.BigAss.BigButt.Curvy.CurvyGirl.PAWG.HugeTits.HugeAss.Rough.RoughSex.Hardcore.LordFyree.mp4,magnet:?xt=urn:btih:eff61bb77be1e51cb02eed03a3dcf94df432cd18,217.05 Mb,@LordFyree_yps
5572,eOxMCPzk,black.marea.girl.threesome.Double.Hardcore.Milf.Roleplay.onlyfans.Double.black.Asian.BigTits.threesome.Pov.Public.Casting.Bbc.Blonde.interracial.osnxlyizfans.Bigtits.Hardcore.Latina.mp4,magnet:?xt=urn:btih:5f79a3f394bdfd7b32e86bd49dc43461e63233c6,394.45 Mb,@Osnxlyizfans_yps
5572,eOxMCpws,TODAY.S.RELEASE.r.nMariska.X.Outdoor.BBC.Creampie.for.Mariska.15.9.2023.Milf.BigTits.BigAss.BigButt.Curvy.CurvyGirl.PAWG.HugeTits.HugeAss.Rough.RoughSex.Black.BBC.Hardcore.LordFyree.mp4,magnet:?xt=urn:btih:cbb03c2b3525fae9e280027447074a2202153deb,292.31 Mb,@LordFyree_yps
5572,eOxMnC88,TODAY.S.RELEASE.r.nKendra.Sunderland.Kayley.Gunner.Whip.Me.Into.Shape.15.9.2023.Cute.Teen.BigTits.BigAss.BigButt.Rough.RoughSex.Curvy.CurvyGirl.PAWG.HugeTits.HugeAss.Lesbians.Hardcore.LordFyree.mp4,magnet:?xt=urn:btih:a8b85fe798ce34e8355536a8de6d936c7d5cd29f,353.57 Mb,@LordFyree_yps
5572,eOxMna7p,OnlyFans.Kathryn.Mae.Johnny.Sins.Cute.Teen.BigAss.BigButt.Rough.RoughSex.Hardcore.LordFyree.mp4,magnet:?xt=urn:btih:5941b3b5e4b3f730790c3a43ffe5befd25fa36ec,940.45 Mb,@LordFyree_yps
5572,eOxMi5Go,HotWifeFun.New.Wife.Whitney.OC.Gets.Her.Shaved.Snatch.Fucked.Hard.Milf.BigTits.BigAss.BigButt.Curvy.CurvyGirl.PAWG.HugeTits.HugeAss.Rough.RoughSex.Hardcore.LordFyree.mp4,magnet:?xt=urn:btih:8cc83880315d3ccac17206e86d469e94ad538343,1004.85 Mb,@LordFyree_yps
5572,eOxMhAhm,OnlyFans.Lana.Smalls.Johnny.Sins.Cute.Teen.BigAss.BigButt.Rough.RoughSex.Hardcore.LordFyree.mp4,magnet:?xt=urn:btih:98846a80c9e9009acb94860e9f393b3be7b0058d,404.31 Mb,@LordFyree_yps
5572,eOxMfhIB,Lauren.Wild.68484456.Onlyfans.Manuel.Ferrara.https.doodstream.com.d.4ibd6fseixtc.ripnsfw222.teen.blonde.blowjob.mp4,magnet:?xt=urn:btih:5447f71b710a603f65ee5ce1ac358668b2102b8b,697.72 Mb,@RIPNsfw222_yps
5572,eOxMbCml,Anastasia.Brokelyn.Anastasia.Brokelyn.Ends.Up.With.Cum.On.Her.Face.Cute.Teen.BigAss.BigButt.Rough.RoughSex.Hardcore.LordFyree.mp4,magnet:?xt=urn:btih:19619c7d3e814df655f1eaa07247dc4d208ca837,600.1 Mb,@LordFyree_yps
5572,eOxMaW3b,TODAY.S.RELEASE.r.nVixen.Amber.Moore.Professional.Conduct.15.9.2023.Cute.Teen.BigTits.BigAss.BigButt.Curvy.CurvyGirl.PAWG.HugeTits.HugeAss.Rough.RoughSex.Hardcore.LordFyree.mp4,magnet:?xt=urn:btih:f58f980f5807a2ded8ce31d2071fdbd27e37daa3,470.21 Mb,@LordFyree_yps
5572,eOxMapxU,Jennifer.White.plays.with.that.Big.Brickzilla.Dick.onlyfans.blowjob.mp4,magnet:?xt=urn:btih:11953fec4c5050c4dee0906c89c345e066323b0e,260.99 Mb,@Osnxlyizfans_yps
5572,eOxLKyGz,TODAY.S.RELEASE.Mells.Blanco.Domination.gangbang.DP.DVP.DAP.with.pee.pussy.creampie.14.9.2023.Anal.Cute.Teen.BigTits.BigAss.BigButt.Rough.RoughSex.Double.DoublePenetration.DoubleAnal.DAP.Gangbang.Hardcore.LordFyree.mp4,magnet:?xt=urn:btih:18d45eb12d8235716df028ad39ab0e0fe7a4e400,1193.55 Mb,@LordFyree_yps
5572,eOxLiQHR,LittleEvieDavis.Your.Ass.Is.My.Only.Place.To.Be.cute.anal.hardcore.naturaltits.facial.teen.redhead.doggy.painmore.mp4,magnet:?xt=urn:btih:d5e1aedc1ca03868954d93ae91c84b0fe6024b7b,164.23 Mb,@Painmore_yps
5572,eOxKX1No,Natasha.Nice.31370840.Hustler.https.doodstream.com.d.746p08c6nzes.ripnsfw222.milf.bigtits.bigass.blowjob.bush.mp4,magnet:?xt=urn:btih:68a8161c45a4059dddeca67eab3acf124053c785,583.41 Mb,@RIPNsfw222_yps
5572,eOxKW7KJ,TODAY.S.RELEASE.r.nTouchMyWife.Jennifer.White.Wife.Slips.Our.Hotel.Room.Key.to.Random.BBC.15.9.2023.Milf.BigTits.BigAss.BigButt.Curvy.CurvyGirl.PAWG.HugeTits.HugeAss.Rough.RoughSex.Black.BBC.Hardcore.LordFyree.mp4,magnet:?xt=urn:btih:95618dd6fdc4d57b384a7351d8b6a9dac5ec868a,690.87 Mb,@LordFyree_yps
5572,eOxKRaeK,TODAY.S.RELEASE.r.nAllBlackX.Willow.Ryder.Willow.s.Ass.Rides.Jax.s.Cock.15.9.2023.Anal.Cute.Teen.BigTits.BigAss.BigButt.Curvy.CurvyGirl.PAWG.HugeTits.HugeAss.Black.BBC.Ebony.Rough.RoughSex.Hardcore.LordFyree.mp4,magnet:?xt=urn:btih:216291640bd206e57ddeeaec22857cc394f07e00,546.31 Mb,@LordFyree_yps
5572,eOxKJdSI,OnlyFans.Kiki.Vidis.Too.Much.Fun.with.Girthmasterr.babe.cute.hardcore.naturaltits.pov.doggy.rider.painmore.mp4,magnet:?xt=urn:btih:5440a93443886268c65abdacff76f7f02a3df51b,305.88 Mb,@Painmore_yps
5572,eOxKAqO4,Welcome.to.Nemesi.Total.Anal.0.pussy.First.Time.ATM.Fisting.Rough.Monster.Gape.bigass.blowjob.hardcore.mp4,magnet:?xt=urn:btih:b3b4838b6ee5edc4ffeccb24c1b8fbf6a5d2fed5,630.63 Mb,@AJ47_yps
5572,eOxKq3BG,OnlyFans.Kathryn.Mae.Johnny.Sins.babe.cute.hardcore.bigtits.squirt.public.outdoor.blonde.pov.doggy.rider.painmore.mp4,magnet:?xt=urn:btih:884edb526a9ed942972af8ebb0edf8f55060adad,1354.57 Mb,@Painmore_yps
5572,eOxJUHyB,Nicole.Adams.99485055.Onlyfans.Johnny.Sins.https.vtbe.to.56uxtv0gls1t.html.ripnsfw222.teen.naturaltits.blonde.blowjob.creampie.mp4,magnet:?xt=urn:btih:f76b6543604dba802fc68b4dd339391bea61d47f,759.14 Mb,@RIPNsfw222_yps
5572,eOxJGope,Jill.Kassidy.47182956.Onlyfans.Cheerleader.Kait.Johnny.Sins.https.vtbe.to.cdmgonoask9s.html.ripnsfw222.foursome.teens.blonde.blowjob.mp4,magnet:?xt=urn:btih:927c9637f995766b2d562734e9b611ff104886c0,721.51 Mb,@RIPNsfw222_yps
5572,eOxJua74,OnlyFans.Lana.Smalls.Johnny.Sins.babe.cute.hardcore.pov.naturaltits.squirt.doggy.rider.painmore.mp4,magnet:?xt=urn:btih:4c1331e604631239c473fc936ce6937814644d75,361.83 Mb,@Painmore_yps
5572,eOxI7RrS,ManyVids.Kate.Kuray.Hot.Sexy.Elf.babe.cute.creampie.bigass.naturaltits.pov.doggy.rider.painmore.mp4,magnet:?xt=urn:btih:ded2cf18c96329402867262123ce0783e5e6bbc4,574.99 Mb,@Painmore_yps
5572,eOxIfuPc,Natasha.Nice.93732747.Onlyfans.https.vtbe.to.9w6jn2gtc235.htmlripnsfw222.milf.bigtits.blowjob.interracial.bigass.mp4,magnet:?xt=urn:btih:bd8bbfbed65a94834537d937ae30693ed4d69df5,223.35 Mb,@RIPNsfw222_yps
5572,eOxGZjII,Nuria.Milan.PISS.FUELLED.5on1.DAP.Nuria.Millan.Gets.Piss.Drenched.During.Interracial.DAP.Orgy.SZ3051.PEE.anal.bigass.black.blowjov.doublepenetration.gangbang.hardcore.mp4,magnet:?xt=urn:btih:335211eb75b9c5f4aa01e19ec352d7ae82b7a317,1261.02 Mb,@AJ47_yps
5572,eOxGBt3G,1080p.LegalPorno.Emily.Pink.Top.colombian.teen.Emily.Pink.first.time.DAP.Hardcore.Threesome.Tiny.Skinny.SmallTits.Toys.Gaping.Latina.Double.DoubleAnal.Dildo.Fisting.Stocking.Cuminmouth.HighQuality.1080P.FullHD.MeetMyLove.mp4,magnet:?xt=urn:btih:9a2204fa359825707a4718ca96d67c116a96061d,496.71 Mb,@MeetMyLove_yps
5572,eOxGuGQE,1080P.Scarlett.Sage.Madison.Morgan.Trust.Me.You.ll.Love.It.r.n.Milf.Teen.BigTits.SmallTits.BigBooty.BigAss.Blowjob.DeepThroat.Cumshot.Hard.Hardcore.Group.Threesome.HighQuality.1080P.Ad1os.mp4,magnet:?xt=urn:btih:cb0b9d48e30909bd7ea04292668ef9cc5728204a,458.74 Mb,@Ad1os_yps
5572,eOxGmiq2,1080P.OnlyFans.Naomi.Soraya.Bubbles.has.a.Little.Bubble.Booty.r.n.POV.Teen.BubbleButt.Blowjob.DeepThroat.Creampie.Hard.Hardcore.Blonde.HighQuality.1080P.Ad1os.mp4,magnet:?xt=urn:btih:cbe5f0d242cf4a28fb0dfaea18f4b5e71725a204,229.4 Mb,@Ad1os_yps
5571,eOyakW2h,Nelya.Smalls.Hard.Anal.Petite.With.Perfect.Gape.Squirt.and.Creampie.mp4,magnet:?xt=urn:btih:1df8bfd54b4e2c0ea9a5cf6847fac7c4ec487b68,493.55 Mb,@MrGold
5571,eOyahoNL,Kayley.Gunner.and.Kendra.Sunderland.lesbian.blonde.ass.licking.face.sitting.masturbation.mature.piercings.tattoos.reverse.cowgirl.strap.on.AdultT.me.Whip.Me.Into.Shape.mp4,magnet:?xt=urn:btih:d95d722eac5ef92849c76cc6c3edf166732a7a6a,373.89 Mb,@Cloyd_yps
5571,eOxZn0bB,Katy.Rose.and.Elina.De.Lion.lesbian.brunette.redhead.close.ups.face.sitting.lingerie.masturbation.mature.seduction.V.vThomas.Red.Passion.mp4,magnet:?xt=urn:btih:ea9aebd4dfaa6f4978e50e8a5a805e0ad3e5c1da,190.28 Mb,@Cloyd_yps
5571,eOxZke2K,Nancy.A.and.Sonya.Blaze.lesbian.blonde.close.ups.fingering.face.sitting.lingerie.masturbation.romantic.SensualLove.Lustful.Dreamers.mp4,magnet:?xt=urn:btih:bbfcf40b8ae26965216a2a424e1fd79cab8dda70,541.94 Mb,@Cloyd_yps
5571,eOxZgh0V,New.Bade.Acche.Lagte.Hain.WoW.S01.EP.1.2.Hot.Series.16.9.2023.1080P.Bhabhi.Indian.Busty.Curvy.Bigtits.Bigass.Asian.Sensual.Kissing.Webseries.Foreplay.DAILYUPLOAD.Watch.full.video.in.1080P.mp4,magnet:?xt=urn:btih:766c6cc88af43ec6e8d6efc63b7b381bb38f79bd,496.11 Mb,@DAILYUPLOAD_yps
5571,eOxZe1jV,TODAY.S.RELEASE.r.nFreeUseFantasy.Spencer.Scott.And.Sage.Rabbit.Overachievers.16.9.2023.Milf.BigTits.BigAss.BigButt.Curvy.CurvyGirl.PAWG.HugeTits.HugeAss.Rough.RoughSex.Threesome.3some.FFM.Hardcore.LordFyree.mp4,magnet:?xt=urn:btih:0d4034b22f02cda2f603eeba467dfcd4a58a84b8,545.07 Mb,@LordFyree_yps
5571,eOxZaCHk,TODAY.S.RELEASE.r.nMyBabysittersClub.Hadiya.Honey.Whos.In.Charge.16.9.2023.Cute.Teen.BigTits.BigAss.BigButt.Curvy.CurvyGirl.PAWG.HugeTits.HugeAss.Rough.RoughSex.Hardcore.LordFyree.mp4,magnet:?xt=urn:btih:dedbd53c43b9e494e23c03f06ac613968d7de163,363.94 Mb,@LordFyree_yps
5571,eOxYOoPB,LATEST.RELEASE.r.nModernSexbull.Mira.Monroe.My.Stepdaughter.Is.My.Lover.15.9.2023.Cute.Teen.Blonde.BigTits.BigAss.BigButt.Black.BBC.Curvy.CurvyGirl.Rough.RoughSex.StepDad.StepDaughter.StepFather.Family.FamilySex.Hardcore.LordFyree.mp4,magnet:?xt=urn:btih:788db9e30b98d2a4d1271a999a0a9a287019ddbb,349.74 Mb,@LordFyree_yps
5571,eOxYLmOX,Alexis.Crystal.and.Lovita.Fate.lesbian.blonde.blindfold.dildo.face.sitting.fetish.bondage.lingerie.masturbation.sixty.nine.WOWg.rls.Tie.Lovita.Up.Tie.Lovita.Down.mp4,magnet:?xt=urn:btih:3dd3e767a8f65f89cfee8506dbfcd278d3e08aa0,377.87 Mb,@Cloyd_yps
5571,eOxYE9fY,TODAY.S.RELEASE.r.nAnalMom.Nikki.Zee.Have.You.Tried.Anal.Anal.Milf.BigTits.BigAss.BigButt.Curvy.CurvyGirl.PAWG.HugeTits.HugeAss.Rough.RoughSex.Stepmom.Stepmother.Stepson.Family.FamilySex.Hardcore.LordFyree.mp4,magnet:?xt=urn:btih:e33da96d7193fcf795a13f70f5ce315cb5689294,383.26 Mb,@LordFyree_yps
5571,eOxYADwE,Charlotte.Sins.Haley.Reed.and.Sabina.Rouge.lesbian.blonde.brunette.redhead.ass.licking.face.sitting.dildo.Hitachi.masturbation.threesome.TeamSke.t.Three.Horny.Hotties.mp4,magnet:?xt=urn:btih:84c684b7b5e5fd3765e330546544d5c1ce379997,269.47 Mb,@Cloyd_yps
5571,eOxY7KYJ,New.r.nLocal.Doctor.S01.EP.1.4.DigiMoviePlex.Hindi.Hot.Web.Series.16.9.2023.1080P.Bhabhi.Indian.Busty.Curvy.Bigtits.Bigass.Asian.Sensual.Kissing.Webseries.Foreplay.DAILYUPLOAD.Watch.full.video.in.1080P.mp4,magnet:?xt=urn:btih:21f0a70605650098cf601015bd158eb771c03ec8,664.92 Mb,@DAILYUPLOAD_yps
5571,eOxY1kct,1080p.FamilyTherapy.Gracie.Gates.Leana.Lovings.The.Expert.BigButt.BigTits.Pawg.POVSex.StepSister.Taboo.Teen.Threesome.TitJob.HighQuality.1080P.FullHD.MeetMyLove.mp4,magnet:?xt=urn:btih:49854be16b72abcd7e2154cfea749f7ba0b45067,349.42 Mb,@MeetMyLove_yps
5571,eOxY0OWf,TODAY.S.RELEASE.r.nCuckoldSessions.Aubree.Valentine.Sit.There.And.Watch.16.9.2023.Cute.Teen.BigTits.BigAss.BigButt.Rough.RoughSex.Black.BBC.Threesome.3some.MMF.Hardcore.LordFyree.mp4,magnet:?xt=urn:btih:3ba6bdcd1b02dce59c2e4d26527cf505f8c1d136,297.72 Mb,@LordFyree_yps
5571,eOxYrHZF,TODAY.S.RELEASE.SexMe.x.Helena.Danae.Grown.Up.Girl.16.9.2023.Cute.Teen.BigTits.BigAss.BigButt.Curvy.CurvyGirl.PAWG.HugeTits.HugeAss.Latina.Rough.RoughSex.Hardcore.LordFyree.mp4,magnet:?xt=urn:btih:4553ee7d405f730f37f582e96af9341e5aabb679,225.28 Mb,@LordFyree_yps
5571,eOxYq072,TODAY.S.RELEASE.r.nPrivate.Anita.Rover.Makes.Her.Anal.Debut.In.A.Threesome.With.Jolee.Love.16.9.2023.Anal.Milf.BigTits.BigAss.BigButt.Curvy.CurvyGirl.PAWG.HugeTits.HugeAss.Rough.RoughSex.Threesome.3some.FFM.Hardcore.LordFyree.mp4,magnet:?xt=urn:btih:86bdd7588a4985dbc0d74620b7b930e5e68ec7db,355.25 Mb,@LordFyree_yps
5571,eOxYgKzV,TODAY.S.RELEASE.r.nLauren.Phillips.Scarlett.Mae.And.Madi.Collins.16.9.2023.Milf.BigTits.BigAss.BigButt.Curvy.CurvyGirl.PAWG.HugeTits.HugeAss.Rough.RoughSex.Stepmom.Stepmother.Stepdaughter.Family.FamilySex.Lesbians.Hardcore.LordFyree.mp4,magnet:?xt=urn:btih:39a7d6ea5352f97268635d811b773cde21ddcb42,340.61 Mb,@LordFyree_yps
5571,eOxYfVeX,New.r.nMy.Stepmom.Uncut.NeonX.Hindi.Hot.Short.Film.16.9.2023.1080P.Bhabhi.Indian.Busty.Curvy.Bigtits.Bigass.Asian.Sensual.Kissing.Webseries.Foreplay.DAILYUPLOAD.Watch.full.video.in.1080P.mp4,magnet:?xt=urn:btih:2a3a9f508500511a5e638692e85e62372b9cff89,961.36 Mb,@DAILYUPLOAD_yps
5571,eOxYcHi6,NEW.r.n.r.nViolet.Gems.Lolly.Dames.Case.No.7906259.Dressed.for.the.Occasion.09.16.23.r.n.threesome.milf.brunette.bigtits.bigcock.blowjob.deepthroat.caught.thief.tattoo.kissing.licking.fingering.blackrock.mp4,magnet:?xt=urn:btih:e0a507a3f833016786543fabfa2b7832c559f8ea,630.68 Mb,@BlackRock_yps
5571,eOxYc4Af,TODAY.S.RELEASE.r.nKatrina.Colt.Big.Cock.Deepthroat.Anal.Anal.Milf.BigTits.BigAss.BigButt.Curvy.CurvyGirl.PAWG.HugeTits.HugeAss.Latina.Rough.RoughSex.Hardcore.LordFyree.mp4,magnet:?xt=urn:btih:a094cbfed24bb756ad131bc550f427db79eb4330,384.53 Mb,@LordFyree_yps
5571,3PZNQ4t,New.Bahu.Ki.Aashqui.OX9.S01.EP.1.2.Hot.Series.16.9.2023.1080P.Bhabhi.Indian.Busty.Curvy.Bigtits.Bigass.Asian.Sensual.Kissing.Webseries.Foreplay.DAILYUPLOAD.Watch.full.video.in.1080P.mp4,magnet:?xt=urn:btih:3443f37d899d0d0b34ddb0b67ebbb62be73231be,487.98 Mb,@DAILYUPLOAD_yps
5571,eOxXYBlI,TODAY.S.RELEASE.r.nNewSensations.Bambi.Barton.SEXY.BAMBI.BARTON.SPELLS.IT.OUT.WITHOUT.A.DOUBT.16.9.2023.Milf.BigTits.BigAss.BigButt.Curvy.CurvyGirl.PAWG.HugeTits.HugeAss.Rough.RoughSex.Hardcore.LordFyree.mp4,magnet:?xt=urn:btih:7a24fdc70f6efe28874ec2c867a7d8fd66825496,217.6 Mb,@LordFyree_yps
5571,eOxWmtsB,1080p.FamilyTherapy.Gabriela.Lopez.Big.Step.Sister.New.Rule.BigButt.BigTits.Cumshot.Latina.POVSex.StepSister.Taboo.Teen.Tit.Job.HighQuality.1080P.FullHD.MeetMyLove.mp4,magnet:?xt=urn:btih:0d979a3a8117c148c9ef2606b2ba17ad9b61f2bf,228.45 Mb,@MeetMyLove_yps
5571,eOxUcvJ2,HELENA.DANAE.GROWN.UP.GIRL.new.hardcore.bigtits.bigass.petite.latina.rough.pussy.orgasm.blowjob.bigdick.creampie.incest.sexmex.mp4,magnet:?xt=urn:btih:24f26750558eb4cc4d25e28b41d41aa53eff9e8b,184.21 Mb,@heatfeat_yps
5571,eOxTXDBV,1080p.WowGirls.Eva.Elfie.Seduction.Of.A.Handsome.Teacher.Teen.Hardcore.AllSex.Creampie.BigTits.HighQuality.1080P.FullHD.MeetMyLove.mp4,magnet:?xt=urn:btih:9186c6ad646762ca69fbd66f33bc6fde99a75388,286.22 Mb,@MeetMyLove_yps
5571,3PZxUM8,SINBROS.ASIAN.BLONDE.Orgy.sextape.threesome.Hardcore.Milf.Roleplay.onlyfans.redhead.BigTits.threesome.foursome.Pov.Public.Casting.Blonde.osnxlyizfans.Bigtits.Hardcore.Latina.mp4,magnet:?xt=urn:btih:b0dc8779c81718f71cd6a162ee3ef29444514c5b,507.83 Mb,@Osnxlyizfans_yps
5571,eOxTIHty,KATRINA.COLT.Big.Cock.Deepthroat.Anal.bigass.blowjob.hardcore.mp4,magnet:?xt=urn:btih:f9afc49475c96722ce98ce635391f6c334f0dfe4,1122.14 Mb,@AJ47_yps
5571,eOxTkRi6,Nicole.Doshi.Big.Tits.Asian.Gets.BBC.Hard.bbc.sextape.Hardcore.Milf.Bigtits.Roleplay.onlyfans.Asian.BigTits.Pov.Public.Casting.Blonde.bbc.osnxlyizfans.Bigtits.Hardcore.Latina.mp4,magnet:?xt=urn:btih:76b6d9e6e1e6e48c1dd9811f079778f06f3ca6c7,418.28 Mb,@Osnxlyizfans_yps
5571,eOxSzPKP,Suki.Sin.Big.Tits.Asian.Gets.BBC.Hard.bbc.sextape.Hardcore.Milf.Bigtits.Roleplay.onlyfans.Asian.BigTits.Pov.Public.Casting.Blonde.bbc.osnxlyizfans.Bigtits.Hardcore.Latina.mp4,magnet:?xt=urn:btih:3411fd35372e08bfdec3b34bcd021490c9e00b0e,481.02 Mb,@Osnxlyizfans_yps
5571,eOxSxkLZ,Video Of A Wife Drowning In Shame With Her Boss.mp4,magnet:?xt=urn:btih:6881cbb37a0c9fc155cbab341e2fb4931c988822,2429.71 Mb,@anythingxxx
5571,eOxROKMO,Tru.Kait.44794363.Onlyfans.LeoLulu.https.vtbe.to.0x8t2nkucdji.html.ripnsfw222.milf.bigtits.bigass.latina.blonde.threesome.new.2023.blowjob.facial.mp4,magnet:?xt=urn:btih:269e3c2ff8f30e63781de9c3b7140eb743337d3a,526.67 Mb,@RIPNsfw222_yps
5571,eOxRLXbP,Anna.Claire.Clouds.Lawless.Part.4.new.hardcore.bigass.pawg.blonde.threesome.pussy.rough.deepthroat.outdoor.artporn.orgasm.cumshot.deeper.mp4,magnet:?xt=urn:btih:f01f4e8fa099a6a5b5f050ab2b3e8632bf2d4c76,586.22 Mb,@heatfeat_yps
5571,eOxRI3KJ,1080p.JacquieEtMichelTV.Luna.Rival.Wild.Camping.Allsex.Teen.Blowjob.naturaltits.Bigass.Anal.Bigdick.Cumshot.Gonzo.Hardcore.HighQuality.1080P.FullHD.MeetMyLove.mp4,magnet:?xt=urn:btih:f9f0fb987c6fb2c4e261c9345ebe0dcedce22e02,447.89 Mb,@MeetMyLove_yps
5571,eOxQNzG7,Hayley.Davies.67231251.Onlyfans.https.vtbe.to.qyryhcquzk5b.html.ripnsfw222.milf.bigtits.blonde.pov.bigass.blowjob.creampie.mp4,magnet:?xt=urn:btih:ac5a7c10883b3a8168bdfb20fb70f57a29d84fe4,336.84 Mb,@RIPNsfw222_yps
5571,eOxQ56qW,Camila.Maria.Twins.99376866.BackroomCastingCouch.https.vtbe.to.cazy223fsbhh.html.ripnsfw222.teens.twins.blowjob.dildo.masturbation.casting.anal.creampie.swallow.facial.mp4,magnet:?xt=urn:btih:a4c2266f9c934f706f38cd5ef9634dfbf1828fea,1607.55 Mb,@RIPNsfw222_yps
5571,eOxPYp8L,Stacy.Cruz.79835731.Private.https.vtbe.to.pz09bimzdh3p.html.ripnsfw222.milf.bigtits.blowjob.dildo.masturbation.facial.new.2023.mp4,magnet:?xt=urn:btih:880a1dbf15adc0c64214df846b116bfdb7220a44,473.37 Mb,@RIPNsfw222_yps
5571,eOxP6m6N,1080p.WoodmancastingX.Bianca.Booty.Hard.Casting.Slim.Smalltits.Anal.Double.AssToMouth.Threesome.HighQuality.1080P.FullHD.MeetMyLove.mp4,magnet:?xt=urn:btih:765399557df2f1c865b850fb02a61cf231683946,605.6 Mb,@MeetMyLove_yps
5571,eOxPyhq0,CJ.Miles.65161713.Onlyfans.https.vtbe.to.9vv1lqhviz7u.html.ripnsfw222.milf.bigtits.asian.blowjob.mp4,magnet:?xt=urn:btih:5f627494987aeded71c02c852c487b487a8db9e8,211.97 Mb,@RIPNsfw222_yps
5571,eOxPxgwh,CJ.Miles.69769558.Jules.Jordan.https.vtbe.to.55pqb4yli4bw.html.ripnsfw222.milf.bigtits.asian.interracial.blowjob.facial.new.2023.mp4,magnet:?xt=urn:btih:ca459f3232ae6bf61eb05c650ddb8ac685242518,838.65 Mb,@RIPNsfw222_yps
5571,3PYSPM0,Stacy.Cruz.78196218.Serve4K.https.vtbe.to.2w4sjx2cfoir.html.ripnsfw222.milf.bigtits.outdoor.car.blowjob.public.mp4,magnet:?xt=urn:btih:3f4536ccc8174132d1e70ff8b5b1d991347c126e,562.52 Mb,@RIPNsfw222_yps
5570,eOycP5cn,Nikki.Zee.Have.You.Tried.Anal.new.hardcore.milf.bigdick.pussylicking.buttplug.rough.blowjob.anal.facial.orgasm.incest.mp4,magnet:?xt=urn:btih:d588f6f686420ebb919cac817a24f43e99b8f7eb,258.26 Mb,@heatfeat_yps
5570,eOycO9sF,Ivy.Curves.Curvy.Mom.Mature.mp4,magnet:?xt=urn:btih:126559cd1dc20d5a1867129bdb5edf7e4ae74933,272.62 Mb,@MrGold
5570,eOycOm5g,Cindy.Hope.blonde.POV.mp4,magnet:?xt=urn:btih:a0f3c08a9ab66d957917ba53a7ce2fa93ef9759f,510.67 Mb,@MrGold
5570,eOycMrGW,Nicole.Black.and.Ivy.Madox.Angels.Of.Hardcore.6on2.Wet.Anal.DAP.Orgy.Piss.mp4,magnet:?xt=urn:btih:29e024231d86dd5a74e3a4fb9f17ca0d63c6eb52,1145.92 Mb,@MrGold
5570,eOycLgWk,New.Jolee.Love.Anita.Rover.Make.s.Her.Anal.Deb.ut.In.A.Thr.eesome.16.09.2023.Anal.Hardcore.Milf.Bigtits.Roleplay.Threesome.ILUVY.mp4,magnet:?xt=urn:btih:a0dd8cd6349ca063c1e3d8b19488cc937da5f802,560.64 Mb,@ILUVY_yps
5570,eOycIVly,Daruma.Rai.New.Blonde.Babygirl.Goes.FIRST.ANAL.mp4,magnet:?xt=urn:btih:6accccbcebe0d3663d1f46a3a21bbfdce93d7624,633.86 Mb,@MrGold
5570,eOycGXd8,Nicole.Black.1on1.100.Percent.Hardcore.Anal.0.Pussy.stockings.rimjob.mp4,magnet:?xt=urn:btih:f9cf5196238838b864ce28c5817cfeb71a41fa70,674.98 Mb,@MrGold
5570,eOycARQl,TODAY.S.RELEASE.r.nNaughtyOffice.Bianca.Burke.Sexy.co.worker.Bianca.Burke.is.horny.and.in.need.of.a.Big.Black.Cock.Milf.BigTits.BigAss.BigButt.Curvy.CurvyGirl.PAWG.HugeTits.HugeAss.Rough.RoughSex.Black.BBC.Hardcore.LordFyree.mp4,magnet:?xt=urn:btih:8917aac16ce3bf24eed5269d4bfb7e4e95e56f4b,252.05 Mb,@LordFyree_yps
5570,eOyc9QKf,Janet.Mason.Mrs.Masons.Red.Light.Therapy.Vol.11.milf.bigtits.interracial.black.pov.hardcore.mp4,magnet:?xt=urn:btih:d22850df540e753c0b61268e9f64a19e8b0275f3,235.25 Mb,@MisterStroker_yps
5570,eOyc9thb,Jayla.De.Angelis.Anal.POV.mp4,magnet:?xt=urn:btih:5a3dd20f83569a6f84fc05511609d4cf1b271fad,235.65 Mb,@MrGold
5570,eOyc9hAv,Violet.Gems.Lolly.Dames.Case.No.7906259.Dressed.for.the.Occasion.new.hardcore.bigtits.bigass.threesome.pussy.deepthroat.rough.milf.curvy.orgasm.blonde.pussylicking.facial.artporn.shoplyfter.mp4,magnet:?xt=urn:btih:adb840abd35986bd0dafdc62c5d22ca91f02da89,346.27 Mb,@heatfeat_yps
5570,eOyc8aWt,New.Sage.Rabbit.Anal.15.09.2023.Anal.Hardcore.Blonde.Doggystyle.ILUVY.mp4,magnet:?xt=urn:btih:7606ecfb312a4a5e15d92b3d7860b839c238d8b8,1186.85 Mb,@ILUVY_yps
5570,eOycuoel,Hadiya.Honey.Who.s.In.Charge.new.hardcore.petite.bigtits.bigass.curvy.pussy.blowjob.rough.orgasm.cumshot.artporn.ebony.black.mp4,magnet:?xt=urn:btih:7d5137497d2184561a2ef44717c0f9b7b7fa6fa6,236.74 Mb,@heatfeat_yps
5570,eOycsoBY,Bambi.Barton.blonde.stockings.mp4,magnet:?xt=urn:btih:84c1984ff07e1d5445a3c1979bef8e262ded8b51,342.24 Mb,@dirty
5570,eOycjZ9O,Sienna.Going.Bananas.solo.mp4,magnet:?xt=urn:btih:b83428e919208299fc4531dc66bddeeab2030281,243.99 Mb,@MrGold
5570,eOycfIQA,Baby.Kxtten.1on1.100.Percent.Hardcore.Anal.Rimming.deepthroat.rimjob.mp4,magnet:?xt=urn:btih:e99092ab6b2f3069cf4316f8db95f01172a562a8,757.55 Mb,@MrGold
5570,eOycdK45,New.Mira.Monroe.My.Stepdaughter.is.My.Lover.15.09.2023.Hardcore.Roleplay.BBC.ILUVY.mp4,magnet:?xt=urn:btih:930a35ef9228c0e694cfa77f288b324737a338b2,384.3 Mb,@ILUVY_yps
5570,eOycctfv,Apolonia.Lapiedra.POV.latina.mp4,magnet:?xt=urn:btih:42544bad6cec860f6b9d641f1e04e7abf2273041,227.82 Mb,@MrGold
5570,eOybYIxy,Nicole.Aniston.POV.Yoga.bigtits.blonde.MILF.mp4,magnet:?xt=urn:btih:8e3bf725f873c3bf4a9484ba340fecc1a2e83278,402.32 Mb,@MrGold
5570,eOybVZnZ,River.Dawn.Ink.Gets.5.Face.Tattoo.and.Fucks.A.Big.Hard.Cock.hardcore.mp4,magnet:?xt=urn:btih:5ff3c7b40ad05c4280624188b8ec2211e2cecac7,917.96 Mb,@MrGold
5570,eOybLACQ,Funky.Town.FIRST.TAP.6on1.Hot.Teen.Gets.Only.Anal.DAP.TAP.0.Pussy.gangbang.mp4,magnet:?xt=urn:btih:d23aba75a926a214190812d708a78e5531a631a3,1036.32 Mb,@MrGold
5570,eOybCm8X,New.Brittany.Bardot.Mia.Tejsi.15.09.2023.Hardcore.Milf.Bigtits.Roleplay.Lesbian.ILUVY.1.mp4,magnet:?xt=urn:btih:8ed65d109936b82caf7e9047dc5c6be3ceac5533,247.06 Mb,@ILUVY_yps
5570,eOyb7KiC,Mia.Cheers.Skinny.White.Blonde.Gets.Her.Ass.Destroyed.Anal.mp4,magnet:?xt=urn:btih:f14f150aee17483a5b58fedcee7b09922904842a,467.03 Mb,@MrGold
5570,eOyb6Pnt,Layla.Jenner.deepthroat.mp4,magnet:?xt=urn:btih:e6c26fbb36de590fd753d43dc6c0a26d0927d292,304.29 Mb,@MrGold
5570,eOyb6HGP,Emily.F.Gorgeous.Ass.solo.mp4,magnet:?xt=urn:btih:b6b1ec79f18c39e7965c4def895ccaa2bc6bf2c2,156.41 Mb,@MrGold
5570,eOyb6Gx1,Sigal.Acon.Solo.bigtits.mp4,magnet:?xt=urn:btih:e209c5c5fd0ecd89fe2894170a86518f77ce204c,151.92 Mb,@MrGold
5570,eOybznbg,WoodmanCastingX.Caramella.Del.X.I.Love.Been.DPed.By.3.Men.Anal.Cute.Teen.BigTits.BigAss.BigButt.Curvy.CurvyGirl.PAWG.HugeTits.HugeAss.Double.DoublePenetration.Rough.RoughSex.Gangbang.Hardcore.LordFyree.mp4,magnet:?xt=urn:btih:6a52176dfb6f1b00dcdeeebd00f23d5c725fbc30,731.3 Mb,@LordFyree_yps
5570,eOybec6G,New.Elle.Oiling.Her.Giant.Twins.2023.Hardcore.Bigtits.Roleplay.Pov.ILUVY.mp4,magnet:?xt=urn:btih:a81d8930f66d1d4afca58b0f50024d28f6a69c5a,407.44 Mb,@ILUVY_yps
5570,eOyaOaWF,Micah.Moore.Ashley.Fires.and.Maitresse.Madeline.Malone.lesbian.blonde.brunette.BDSM.electro.shock.close.ups.dildos.face.sitting.fisting.lingerie.masturbation.speculum.spread.pussy.strap.on.threesome.WiredP.ssy.The.Medical.Exam.mp4,magnet:?xt=urn:btih:a45236ef4f5be7d4364fbe4bab3fe738095d1f62,683.7 Mb,@Cloyd_yps
5570,eOyaN3pe,Cory.Chase.Lory.Lace.Championship.Season.Finding.Johnnys.Mojo.Parts.2.3.milf.bigtits.roleplay.threesome.hardcore.mp4,magnet:?xt=urn:btih:b69166403059923066a6c1c6d9ecfc6356661088,390.39 Mb,@MisterStroker_yps
5570,eOyaKzsu,TODAY.S.RELEASE.r.nShoplyfter.Lolly.Dames.And.Violet.Gems.Dressed.For.The.Occasion.16.9.2023.Milf.BigTits.BigAss.BigButt.Curvy.CurvyGirl.PAWG.HugeTits.HugeAss.Rough.RoughSex.Threesome.3some.FFM.Hardcore.LordFyree.mp4,magnet:?xt=urn:btih:060efd8d4b7b06ad2929479c93df4ad8d92c2d1d,475.49 Mb,@LordFyree_yps
5570,eOyaKteX,Eva.Lovia.and.Scarlett.Sage.lesbian.blonde.brunette.ass.licking.grinding.lingerie.masturbation.mature.scissoring.tribbing.GirlsW.y.Blackmailing.The.Teacher.mp4,magnet:?xt=urn:btih:5eee70f5d62cd522a90beb696f19f116c809a8b4,494.65 Mb,@Cloyd_yps
5570,eOyaKihD,New.Letty.Dont.Fuck.With.Mummy.When.Mommy.Wants.to.Fuck.2023.Hardcore.Milf.Bigtits.Roleplay.Pov.ILUVY.mp4,magnet:?xt=urn:btih:18048c23018cbff9ff2f46c2018c4df5024b8c29,449.52 Mb,@ILUVY_yps
5570,eOyaJXHg,1080p.JacquieEtMichelTV.Clemence.knew.she.was.knocking.on.the.right.door.Amatuer.Hardcore.Allsex.Threesome.Anal.Cumshot.HighQuality.1080P.FullHD.MeetMyLove.mp4,magnet:?xt=urn:btih:c1fa95225fc4c5c40ffcca2a1b5182a2e4a94aca,585.18 Mb,@MeetMyLove_yps
5570,eOya0M32,Gina.Gerson.and.Tina.Kay.lesbian.blonde.brunette.close.ups.ass.licking.close.ups.face.sitting.fisting.lingerie.masturbation.TeachMeF.sting.mp4,magnet:?xt=urn:btih:b078ec8124890634a4ce34fbdd033b7b6ccc4c8f,316.82 Mb,@Cloyd_yps
5570,eOyasD9q,Eva.Gold.First.Anal.With.A.Skinny.Bitch.With.BigTits.mp4,magnet:?xt=urn:btih:b8ae85e495254c7187a556da861aff881cf0b6e2,522.81 Mb,@MrGold
5570,eOyapjd3,Miley.Kitty.Teen.In.Her.First.DP.Balls.Deep.Anal.double.lingerie.gangbang.deepthroat.mp4,magnet:?xt=urn:btih:bdb74297febb227d2b145bac24df7034602b7020,607.7 Mb,@MrGold
5570,eOyaoeaK,ANtonia.Sainz.and.Zuzu.Sweet.lesbian.brunette.feeldoe.grinding.masturbation.scissoring.seduction.StrapL.z.Sexercise.mp4,magnet:?xt=urn:btih:9f0888e0a0be95a393be2a74f0146add4e727a11,331.16 Mb,@Cloyd_yps
5570,eOyamVEb,Passionate.Seductions.Kathia.Nobili.and.Lucy.lesbian.blonde.brunette.anal.ass.licking.face.sitting.dildo.massage.masturbation.mature.scissoring.sixty.nine.OldYoungLesb.anLove.mp4,magnet:?xt=urn:btih:29aea840a1ec5b01cdf6777952cf1058ebd11650,388.08 Mb,@Cloyd_yps
5570,eOyamTeQ,New.Lola.Aiko.Today.She.s.Going.13.15.09.2023.Hardcore.Roleplay.Pov.BBC.Wet.ILUVY.mp4,magnet:?xt=urn:btih:126e4947f3757980ad0690b7bb2c07b8dd3c6065,579.44 Mb,@ILUVY_yps
5569,eOyeBt4J,Elisa.Calvi.blonde.bigtits.mp4,magnet:?xt=urn:btih:41e97740da85dcddf3a2e573065a64ed2bda6849,497.5 Mb,@dirty
5569,eOye74MD,New.Bambi.Barton.Sexy.Sp.ells.It.Out.Wi.thout.A.Do.ubt.16.09.2023.Hardcore.Roleplay.Family.ILUVY.mp4,magnet:?xt=urn:btih:c9aad06c0d2457691b5be8b9b2d242c496d52b4f,321.51 Mb,@ILUVY_yps
5569,eOye6Uu2,Jasmine.Jae.Night.Time.Outdoor.Hot.Tub.Fuck.milf.bigtits.roleplay.pov.hardcore.mp4,magnet:?xt=urn:btih:69933b135190e34f07962e42583b64c914d930f6,225.36 Mb,@MisterStroker_yps
5569,eOye21gv,Jill.Taylor.blowjob.mp4,magnet:?xt=urn:btih:ae8410f3d8332735c994b3b8935cc5621710af96,324.71 Mb,@MrGold
5569,eOyevVuP,New.London.Laurent.BUSTY.BABE.LONDON.LAURENT.GETS.HER.PUSSY.FUCKED.HARD.15.09.2023.Hardcore.Milf.Bigtits.Roleplay.ILUVY.mp4,magnet:?xt=urn:btih:4ae7377edebfe29cfcf673fe350dd96b201aa730,791.63 Mb,@ILUVY_yps
5569,eOyekykw,Girls.POV.Compilation.mp4,magnet:?xt=urn:btih:fda96d3966d88c9c9cda5efa56dd7103e786549a,493.82 Mb,@MrGold
5569,eOyefe3z,Amber.Moore.blonde.artporn.mp4,magnet:?xt=urn:btih:e204905c6f662f435c5d7f428d3fe0369caabf1f,401.98 Mb,@dirty
5569,eOyeaZFn,Spencer.Scott.and.Sage.Rabbit.threesome.blonde.mp4,magnet:?xt=urn:btih:6591b9116c6fc9843919e4e0e319659046c7b317,731.12 Mb,@dirty
5569,eOydYFtU,Katrina.Colt.anal.deepthroat.mp4,magnet:?xt=urn:btih:8f84ba5bef8383ffcfacb7d96ce896d094ecebdb,764.51 Mb,@dirty
5569,eOydWSGJ,Hadiya.Honey.Whos.In.Charge.hardcore.mp4,magnet:?xt=urn:btih:589c3ec2d4e24c7792ed7de6e8fefe7999bd153e,612.11 Mb,@MrGold
5569,eOydWBfj,Nikki.Zee.Have.You.Tried.Anal.MILF.mp4,magnet:?xt=urn:btih:b55ab1ac6fbaaf40ed78c1eae2795c3fb54e9b62,643.87 Mb,@dirty
5569,eOydTmpY,Sexy.co.worker.Bianca.Burke.is.horny.and.in.need.of.a.Big.Black.Cock.new.hardcore.brunette.bigtits.bigass.curvy.busty.bbc.deepthroat.pussy.orgasm.rough.creampie.mp4,magnet:?xt=urn:btih:54aaf615ddf5d352e2eca78f2ca51330c1df0a01,378.4 Mb,@heatfeat_yps
5569,eOydSvaO,TODAY.S.RELEASE.r.nFamilySwap.Gina.Gerson.And.Tiffany.Tatum.A.Double.Booking.Leads.To.A.Family.Swap.16.9.2023.Cute.Teen.BigTits.BigAss.BigButt.Rough.RoughSex.StepDad.Stepdaughter.StepFather.Family.FamilySex.Group.Swapping.Hardcore.LordFyree.mp4,magnet:?xt=urn:btih:92875b4381f592ca8c6d346b6dbd36558ac7664a,296.32 Mb,@LordFyree_yps
5569,eOydQLU8,Luna.Lynx.Kennia.Lex.and.Alexis.Wilson.foursome.mp4,magnet:?xt=urn:btih:3f77ff6014419371e62329e521c17bf4b3f35dfd,302.67 Mb,@MrGold
5569,eOydPBG7,Bunny.Madison.blonde.MILF.artporn.mp4,magnet:?xt=urn:btih:5531b2e9df8aa46b044ed2438911acd17bcbbe3e,309.37 Mb,@dirty
5569,eOydMZvL,New.Briana.Banderas.PornDudeCasting.16.09.2023.Hardcore.Bigtits.Casting.ILUVY.mp4,magnet:?xt=urn:btih:787cc2ea5a9f5d02b4080b084251b358a02add6f,468.07 Mb,@ILUVY_yps
5569,eOydM26D,Helena.Danae.Grown.Up.Girl.hardcore.mp4,magnet:?xt=urn:btih:9c3260450c33403cd38e7514814637e1357b7587,225.28 Mb,@MrGold
5569,eOydKgFZ,Lauren.Phillips.Scarlett.Mae.and.Madi.Collins.lesbian.mp4,magnet:?xt=urn:btih:f615ed810d8b395329161f1a8f8786f9cc36c4be,533.95 Mb,@dirty
5569,eOydHMBx,Natasha.Nice.MILF.bigtits.bigass.artporn.deepthroat.mp4,magnet:?xt=urn:btih:80265529b85c443ce564eb5404c69bb425dd9c93,531.02 Mb,@dirty
5569,eOydGXO5,Emma.Rose.GLUTES.TO.SEE.YOU.new.trans.shemale.hardcore.bigtits.bigass.rough.anal.blowjob.orgasm.cumshot.facial.adulttime.mp4,magnet:?xt=urn:btih:3c94f9f3805f7d0493d0dfc41ab6afa30dae02dc,281.47 Mb,@heatfeat_yps
5569,eOydG2ZW,Karlee.Grey.bigtits.POV.mp4,magnet:?xt=urn:btih:04ef1acf073b642f8016e9428189da84df6a21b4,234.16 Mb,@MrGold
5569,eOydEoLH,New.Sarina.What.A.Day.So.Much.Cum.2023.Hardcore.Milf.Bigtits.Pov.ILUVY.mp4,magnet:?xt=urn:btih:10b37b10abaa2cc37c64f7e10083e56fd36611c0,1027.65 Mb,@ILUVY_yps
5569,eOyd8ZhU,Brittany.Bardot.and.Mia.Trejsi.Old.and.Young.Lesbian.lingerie.strapon.mp4,magnet:?xt=urn:btih:9a8dd713a5fcc3668e7a992717538c5d3a1c9f18,239.45 Mb,@MrGold
5569,eOyd2TuG,Romy.Indy.POV.mp4,magnet:?xt=urn:btih:8f702df83d9a9f569fa31ab0d75bf921518e8c77,220.49 Mb,@MrGold
5569,3QauWA7,Seto.Himari.Japan.hairy.mp4,magnet:?xt=urn:btih:a133f8f9781b2a42edfac151eccd69df3cb1fad8,632.97 Mb,@MrGold
5569,eOydvD4I,Up.Close.with.Alison.Rey.new.hardcore.bbc.blowjob.pussy.bigtits.bigass.curvy.pussylicking.rough.orgasm.cumshot.mp4,magnet:?xt=urn:btih:02a5ad795a494afddb7e84f670f616fa63c11f34,341.06 Mb,@heatfeat_yps
5569,eOydv7nr,JJ.Jewel.huge.mp4,magnet:?xt=urn:btih:03578963ae9881caf681097e8b86b1e381c709bf,511.84 Mb,@MrGold
5569,eOydvhy3,Sybil.A.POV.mp4,magnet:?xt=urn:btih:871ebb04fbb607e98be92f344624ca98214e03c2,283.37 Mb,@MrGold
5569,eOydsaC1,Lolly.Dames.and.Violet.Gems.threesome.bigtits.roleplay.mp4,magnet:?xt=urn:btih:14e6bf0a7a359454cf125dd0eb54c00d1258d7b3,821.63 Mb,@MrGold
5569,eOydrzIU,Lauren.Phillips.Scarlett.Mae.Madi.Collins.DRIVEN.INTO.HIDING.new.hardcore.bigtits.bigass.threesome.incest.artporn.rough.lesbian.orgasm.pussylicking.kiss.rimming.fingering.redhead.curvy.familyroleplay.milf.pawg.mommysgirl.mp4,magnet:?xt=urn:btih:9e5f75d9fe7dc775ae7e6c1d703e8250e8cb11b1,364.16 Mb,@heatfeat_yps
5569,eOydmwcV,New.Anissa.Kate.Ania.Kinski.Nympho.Teachers.Seduce.Colleagues.Into.DP.Gangbang.GP2775.16.09.2023.Anal.Hardcore.Milf.Bigtits.ILUVY.mp4,magnet:?xt=urn:btih:c18b191b5d678762551d4c5dfd4c86fb80c32ead,566.95 Mb,@ILUVY_yps
5569,eOydjKF1,Blondie.Bombshell.Hardcore.MILF.bigtits.blonde.lingerie.mp4,magnet:?xt=urn:btih:965b137824a6e3baa8920bee3da4291d077fad1d,641.54 Mb,@MrGold
5569,eOydeTLm,Veronica.Leal.and.Chloe.Heart.Angels.Of.Hardcore.6on2.Wet.Anal.DAP.DPP.Piss.Orgy.Gangbang.mp4,magnet:?xt=urn:btih:97eb9663e794430d738b05634a39caf788a1cc44,1153.56 Mb,@MrGold
5569,eOydclck,Angelika.Grays.anal.blonde.mp4,magnet:?xt=urn:btih:8d95e030dbcf754992eb8cfa198c7a4b4c0e7409,357.1 Mb,@MrGold
5569,eOydbYIL,Amber.Luke.Chest.Tattoo.BTS.mp4,magnet:?xt=urn:btih:9a701888f0cd4caef0055e06abd1ac269ef03385,156.44 Mb,@MrGold
5569,eOycZSyM,Anissa.Kate.and.Ania.Kinski.Part.2.anal.bigtits.double.lingerie.orgy.artporn.mp4,magnet:?xt=urn:btih:7c9cadd80573a111934841c83289dc3b21cbe8cc,604.66 Mb,@dirty
5569,eOycYRui,Spencer.Scott.Sage.Rabbit.Overachievers.new.hardcore.bigtits.bigass.blonde.milf.threesome.deepthroat.pussy.rough.artporn.cumshot.facial.orgasm.pussylicking.mp4,magnet:?xt=urn:btih:29fd242dc417dd94eae19c6be27d4166c1849b77,346.65 Mb,@heatfeat_yps
5569,eOycXlaB,Rebecca.Volpetti.POV.mp4,magnet:?xt=urn:btih:61cc58b716ad350fcf8eb9bcb7906ff427204bda,263.1 Mb,@MrGold
5569,eOycRzRU,Anita.Rover.Makes.Her.Anal.Debut.In.A.Threesome.With.Jolee.Love.bigtits.bigass.mp4,magnet:?xt=urn:btih:6ec013b66f1684223f7028b9c2b5481a1781695e,764.24 Mb,@MrGold
5569,eOycQeQ4,TODAY.S.RELEASE.r.nHardX.Jill.Kassidy.Jizzing.On.Jill.16.9.2023.Cute.Teen.BigAss.BigButt.Rough.RoughSex.Hardcore.LordFyree.mp4,magnet:?xt=urn:btih:243c471b4903ec3625e43e83253e8ad3fdca2f89,233.7 Mb,@LordFyree_yps
5568,eOyhCLHW,New.Bianca.Burke.16.09.2023.Hardcore.Milf.Bigtits.Roleplay.Family.ILUVY.mp4,magnet:?xt=urn:btih:376a9b80da15edb38a02dbbe7f868646c2de337c,388.94 Mb,@ILUVY_yps
5568,eOyhBxwH,Bianca.Burke.MILF.bigtits.lingerie.mp4,magnet:?xt=urn:btih:1f6a1654c7783e8afb706b62452a49463929f11c,467.31 Mb,@dirty
5568,eOyh6rKA,Macey.Jade.Blowbang.mp4,magnet:?xt=urn:btih:1c74f450ad7e6ec1faae795b12e4c2c20008f8d9,190.47 Mb,@MrGold
5568,eOyh5ACJ,Jill.Kassidy.blonde.hardcore.mp4,magnet:?xt=urn:btih:b134af332d77b9edea9c8b77c6bb5583115dc717,411.41 Mb,@dirty
5568,eOyh30ph,Skye.Mae.Glory.bigtits.blowjob.mp4,magnet:?xt=urn:btih:bd0188ce0c6bda4c88c38da99e6853cc956399b6,1010.19 Mb,@MrGold
5568,eOyh1Yjk,New.Jill.Kassidy.Jizzin.g.On.J.ill.16.09.2023.Hardcore.Roleplay.Pov.ILUVY.mp4,magnet:?xt=urn:btih:4eb3378f058913cef8ee0c841c93cc5926e3d7a6,359.53 Mb,@ILUVY_yps
5568,eOyhxm7M,Local.Doctor.2023.EP1.4.DigiMoviePlex.Hot.Hindi.Web.Series.asian.indian.busty.curvy.bigtits.bigass.bhabhi.sensual.kissing.webseries.foreplay.mp4,magnet:?xt=urn:btih:9fcf41aea4078ed6bee315c8f53755933d6f2413,664.92 Mb,@ThePornGalaxy_yps
5568,eOyhwZ8f,Tamsin.Riley.solo.hairy.mp4,magnet:?xt=urn:btih:273b74c03d66a9574252a7861f9b89904a25d2a3,309.54 Mb,@MrGold
5568,3QaIK2L,New.Hadiya.Honey.Wh.os.In.Cha.rge.16.09.2023.Hardcore.Roleplay.Pov.Family.ILUVY.1.mp4,magnet:?xt=urn:btih:105934e2b827cfd709d1d0ea93db33249be85976,542.97 Mb,@ILUVY_yps
5568,eOyhaPsm,New.Lolly.Dames.Violet.Gems.Case.No.7906259.Dress.ed.For.The.Occ.asion.16.09.2023.Hardcore.Milf.Bigtits.Roleplay.Threesome.ILUVY.mp4,magnet:?xt=urn:btih:e298f44ac3b0d9f7a0c37abab2fe6baa7bc512d3,736.41 Mb,@ILUVY_yps
5568,eOygVOn3,Bahu.Ki.Aashiqui.2023.EP1.2.OX9.Hot.Hindi.Web.Series.asian.indian.busty.curvy.bigtits.bigass.bhabhi.sensual.kissing.webseries.foreplay.mp4,magnet:?xt=urn:btih:ea9d70b431e61555e8a1d6bd9fe56c1e5c3ea5c5,357.12 Mb,@ThePornGalaxy_yps
5568,eOygVJI0,Bade.Acche.Lagte.Hain.2023.EP1.2.WoWentertainment.Hot.Hindi.Web.Series.asian.indian.busty.curvy.bigtits.bigass.bhabhi.sensual.kissing.webseries.foreplay.mp4,magnet:?xt=urn:btih:63df4aad2af41388e199819e4cd5530976f4236e,474 Mb,@ThePornGalaxy_yps
5568,eOygTClZ,Deal.2023.EP1.PrimeShots.Hot.Hindi.Web.Series.asian.indian.busty.curvy.bigtits.bigass.bhabhi.sensual.kissing.webseries.foreplay.mp4,magnet:?xt=urn:btih:1c8aeeb9d844af636bd00b799021e96bb5dcdfd6,311.6 Mb,@ThePornGalaxy_yps
5568,eOygP9A0,Sage.Rabbit.Anal.blonde.rimjob.deepthroat.mp4,magnet:?xt=urn:btih:c04df46e2a80271c4e6ac45f58a3f4d1d5c16441,1169.3 Mb,@MrGold
5568,eOygMOeb,Love.Pill.2023.EP2.Yessma.Hot.Malayalam.Web.Series.asian.indian.busty.curvy.bigtits.bigass.bhabhi.sensual.kissing.webseries.foreplay.mp4,magnet:?xt=urn:btih:883ff0e8fa68793551edf6505589ee6ca4deedd7,178.77 Mb,@ThePornGalaxy_yps
5568,eOyg8gqM,Hot.Pearl.and.Julia.A.anal.threesome.artporn.teens.mp4,magnet:?xt=urn:btih:97e3805ad28d7a9675b80d51acf0c20df958d12c,372.51 Mb,@dirty
5568,eOyg6XE8,Marta.Villalobos.and.Chun.Li.orgy.mp4,magnet:?xt=urn:btih:8d870b587345a0466ef0bc13c643bed6d3393f03,673.11 Mb,@MrGold
5568,eOyg0snk,Serene.Siren.and.Kylie.Rocket.lesbian.stockings.mp4,magnet:?xt=urn:btih:af7bce6afa7d89d90666a64a9ec7bde150833dbd,586.4 Mb,@dirty
5568,3QaDdjx,New.Spencer.Scott.Sage.Rabbit.Ov.erachieve.rs.16.09.2023.Hardcore.Roleplay.Milf.Bigtits.Threesome.ILUVY.mp4,magnet:?xt=urn:btih:bb492892d8f57ed46fbddb078dd1f63b33cf4e54,766.76 Mb,@ILUVY_yps
5568,eOygoDIg,Liv.Revamped.BDSM.bondage.deepthroat.mp4,magnet:?xt=urn:btih:1a11f4e54cc624592a53665cfeec4c696e705612,564.57 Mb,@MrGold
5568,eOygmVxG,Milena.Ray.and.Emily.Mayers.lesbian.mp4,magnet:?xt=urn:btih:2b42ca12e34d1c25d5238253c4e7d376575fb17c,352.86 Mb,@dirty
5568,eOygaM3b,7on1.Double.anal.Gang.Bang.goes.Wet.Zoe.Breiny.GIO2575.ATM.DAP.Manhandle.Rough.Gapes.Pee.Drink.Pee.Shower.Cum.in.Mouth.new.hardcore.anal.bbc.rough.gape.gangbang.deepthroat.skinny.latina.cute.swallow.spank.slap.legalpoeno.mp4,magnet:?xt=urn:btih:048ad59353787e82f86f1bb5b18345748a6be4b9,760.23 Mb,@heatfeat_yps
5568,eOyfYqp1,Zoe.Bloom.solo.mp4,magnet:?xt=urn:btih:494bff78a564bc7ae57b8f6608bff3dafb0cbff7,166.61 Mb,@MrGold
5568,eOyfYk7n,Busty.St.Claire.Hardcore.bigtits.mp4,magnet:?xt=urn:btih:779f881a2be1c4cbf65ea7ae6919195e0c3510a7,299.64 Mb,@MrGold
5568,eOyfUuEi,FIRST.DVP.For.the.first.time.in.her.life.18yo.Jane.White.is.covered.in.piss.gets.double.vaginal.sex.EKS240.new.hardcore.teen.rough.deepthroat.gangbang.cute.orgasm.piss.dvp.skinny.anal.doublepenetration.facial.legalporno.mp4,magnet:?xt=urn:btih:50f67f9fe586f6594c082afc61b5fc25f2a17ae2,505.32 Mb,@heatfeat_yps
5568,eOyfRDlO,PISS.FUELLED.5on1.DAP.Nuria.Millan.Gets.Piss.Drenched.During.Interracial.DAP.Orgy.SZ3051.PEE.new.hardcore.bigtits.bigass.bbc.interraial.anal.dap.gangbang.rough.deepthroat.piss.orgasm.gape.swallow.legalporno.mp4,magnet:?xt=urn:btih:d4360b147bda3bef8beefb74bf776ed763aa7d4c,475.35 Mb,@heatfeat_yps
5568,eOyfQVLe,Anastasia.Brokelyn.POV.mp4,magnet:?xt=urn:btih:f2ff430b581d98e568ada549ece40c57d6667268,236.42 Mb,@MrGold
5568,eOyfM1On,New.AnalMo.M.Nikki.Zee.Ha.ve.You.Tr.ied.Anal.16.09.2023.Anal.Hardcore.Milf.Bigtits.Roleplay.Family.ILUVY.mp4,magnet:?xt=urn:btih:173adfd0fa3d91e485728e235aa1b23891649290,591.72 Mb,@ILUVY_yps
5568,eOyf3tSd,New.Aubree.Valentine.S.it.There.And.Wa.tch.16.09.2023.Hardcore.Bigtits.Black.Threesome.ILUVY.mp4,magnet:?xt=urn:btih:ea598cdefee1353835238c6015bf06b797dc102d,459.17 Mb,@ILUVY_yps
5568,eOyfyyhb,Katia.Sweet.Teen.first.anal.hardcore.balls.deep.big.gape.prolapso.wet.ass.by.Lancelot.new.hardcore.bbc.teen.black.interracial.skinny.teen.cute.rough.orgasm.latina.gape.deepthroat.creampie.legalporno.mp4,magnet:?xt=urn:btih:151c4b41ceb6a7e479ca8cf0ca79f3012ec06422,811.81 Mb,@heatfeat_yps
5568,eOyfmhqX,Zuzu.Sweet.and.Antonia.Sainz.lesbian.strapon.mp4,magnet:?xt=urn:btih:a3e2de43076fe920319420d3961e12f6a74635c1,336.67 Mb,@dirty
5568,eOyfkp7d,Carmela.Clutch.solo.mp4,magnet:?xt=urn:btih:51cc9ad434c3e24a37f8148aaa3d02b68518ce9c,520.12 Mb,@MrGold
5568,eOyfh4aU,New.Lauren.Phillips.Scarlett.Mae.Madi.Collins.16.09.2023.Hardcore.Milf.Bigtits.Lesbian.Threesome.Family.Roleplay.ILUVY.mp4,magnet:?xt=urn:btih:b04e471ff697bf1cd9cad0f6d49a169277202a4f,505.99 Mb,@ILUVY_yps
5568,3Qa5EcX,Shalina.Devine.Anal.POV.MILF.blonde.lingerie.bigtits.artporn.mp4,magnet:?xt=urn:btih:ef58e172f130c81ab674f774aebfb0ea3d0f39a9,341.5 Mb,@MrGold
5568,eOyfgaQH,Blue.Angel.POV.blonde.mp4,magnet:?xt=urn:btih:75188cbc7a5d2351973e78a947ea1c2d6f7ea776,458.5 Mb,@MrGold
5568,eOyfaFKO,Gina.Valentina.POV.mp4,magnet:?xt=urn:btih:8d351882b959ef3fec2cee5d92c279ba89786537,445.91 Mb,@MrGold
5568,cZadeXB,Shalina.Devine.Anal.Double.POV.MILF.bigtits.blonde.lingerie.mp4,magnet:?xt=urn:btih:9ebf02b5525eaae31111167d7af31fa8f645106f,240.61 Mb,@MrGold
5568,eOyeXm4b,Kimmy.Granger.POV.mp4,magnet:?xt=urn:btih:e2bb9905fa8565458f784a7ff1f9bf0b3a4a95fe,268.3 Mb,@MrGold
5568,eOyeWPTy,Gina.Gerson.Tiffany.Tatum.A.Double.Booking.Leads.To.A.Family.Swap.new.hardcore.artporn.familyroleplay.pussy.blowjob.skinny.blonde.cute.smalltits.rough.orgasm.foursome.pussylicking.creampie.mp4,magnet:?xt=urn:btih:a8fe582ff21e14fad4c5b170e5916e4dcaa4832e,296.32 Mb,@heatfeat_yps
5568,eOyeKQAV,New.Helena.Danae.16.09.2023.Hardcore.Roleplay.Latina.ILUVY.mp4,magnet:?xt=urn:btih:db4a6325491d72bf33f6a68a86200a45987fe046,218.74 Mb,@ILUVY_yps
5567,eOysiHAG,1080p.WoodmanCastingX.Brenda.Santos.Shortest.Girl.In.Porn.Hardcore.Casting.Teen.Tiny.FirstTimeAnal.PissInMouth.Rimming.DeepThroat.HighQuality.1080P.FullHD.MeetMyLove.mp4,magnet:?xt=urn:btih:271afade17269ad680d1872ce9c1753e2faa6a24,1614.04 Mb,@MeetMyLove_yps
5567,eOyrWT53,Sweet.Vickie.anal.bigass.bigtits.black.blonde.blowjob.hardcore.interracial.mp4,magnet:?xt=urn:btih:e0ada97dc084d53e2917fd6fdd70a64f92936627,1131.84 Mb,@AJ47_yps
5567,eOyrnsmQ,Emily.Belle.Saki.Kawanami.s.pussy.filled.with.lots.of.cum.asian.blonde.blowjob.creampie.cumshot.hardcore.mp4,magnet:?xt=urn:btih:bad795111d166491d47a50c876033a8d3628aea7,915.23 Mb,@AJ47_yps
5567,3QbAVxV,Cherie.Deville.Fan.Fuck.Fantasy.full.video.HD.https.streamhub.ink.tts4tr959xhd.new.pussy.Cum.onlyfans.Fuck.Amateur.Bigtits.Bigass.Blowjob.Rough.milf.doggystyle.cowgirl.mp4,magnet:?xt=urn:btih:ffdeaf9ecfac9c6a73fd1c214edd33c88d38c96c,517.11 Mb,@yutio_yps
5567,eOypRNLh,Anna.Claire.Clouds.Lawless.Part.4.ssmalltits.interracial.black.threesome.pov.artporn.hardcore.mp4,magnet:?xt=urn:btih:5f1d4d77b851c113fab5cfb491f8ad73ffd023a5,622.85 Mb,@MisterStroker_yps
5567,eOypElBH,Emily.Belle.Saki.Kawanami.swallows.tons.of.thick.white.cumshots.asian.blonde.blowjob.bukkake.cumshot.hardcore.mp4,magnet:?xt=urn:btih:6d7bad0bffb9fe7aedcbd0040a25abc674b55296,255.07 Mb,@AJ47_yps
5567,eOypBIrN,Cherie.Deville.Aidra.Fox.massage.full.video.HD.https.streamhub.ink.346kas66ox3d.new.pussy.Cum.onlyfans.Fuck.Amateur.Bigtits.Bigass.Blowjob.Rough.lesbian.milf.teen.fingering.mp4,magnet:?xt=urn:btih:7d2a45cfcef3a951167e3c1547980a27e0b9657a,336.72 Mb,@yutio_yps
5567,eOyp2vvG,Emily.Belle.Saki.Kawanami.Swap.Cum.asian.blowjob.bukkake.cumshot.hardcore.mp4,magnet:?xt=urn:btih:26dc061c231adb87e634746aaaaac24c1e9d4188,354.48 Mb,@AJ47_yps
5567,eOyp0mDo,Cherie.Deville.Dani.daniels.Sauna.full.video.HD.https.streamhub.ink.2zngmfuswv5e.new.pussy.Cum.onlyfans.milf.Amateur.Bigtits.Bigass.lesbian.Rough.masturbation.public.mp4,magnet:?xt=urn:btih:a1d02aa8678f078c2f55cb689633bf780c659a91,155.32 Mb,@yutio_yps
5567,eOypyDKH,Cherie.Deville.yoga.full.video.HD.https.streamhub.ink.nc6a8qtfi86k.new.pussy.orgasm.onlyfans.Fuck.Amateur.Bigtits.Bigass.Blowjob.Rough.milf.solo.mp4,magnet:?xt=urn:btih:d9021459fb8fab587f72413f11af814753984772,529.9 Mb,@yutio_yps
5567,cZajte2,LATEST.RELEASE.r.nAlison.Rey.Up.Close.With.Alison.Rey.16.9.2023.Cute.Teen.BigTits.BigAss.BigButt.Curvy.CurvyGirl.PAWG.HugeTits.HugeAss.Black.BBC.Rough.RoughSex.Hardcore.LordFyree.mp4,magnet:?xt=urn:btih:93881021b77ec1c0ba4e59f4caece336dbf5b607,319.49 Mb,@LordFyree_yps
5567,eOypaa12,Cherie.Deville.Zac.Wild.full.video.HD.https.streamhub.ink.g1na0rispx64.new.pussy.Cum.onlyfans.Fuck.Amateur.Bigtits.Bigass.Blowjob.Rough.doggystyle.cowgirl.mp4,magnet:?xt=urn:btih:23f3587045580fc9b38ca98b61a8089a3de01fd2,386.02 Mb,@yutio_yps
5567,eOyoW7tv,Cherie.Deville.Johnny.Sins.full.video.HD.https.streamhub.ink.fzgzggk7oyjk.new.pussy.Cum.onlyfans.Fuck.Amateur.Bigtits.Bigass.Blowjob.Rough.milf.doggystyle.cowgirl.mp4,magnet:?xt=urn:btih:50ff60098db17b5c582f20e3d4907dd164bb593b,340.74 Mb,@yutio_yps
5567,eOyoNhIR,Cherie.Deville.Mom.blowjob.full.video.HD.https.streamhub.ink.6x1raa65c441.new.Cum.onlyfans.Fuck.Amateur.Bigtits.Bigass.Blowjob.Rough.mp4,magnet:?xt=urn:btih:d90e150237873f23c5937aabac3080f7374fb2af,164.35 Mb,@yutio_yps
5567,eOyoHFLC,Guys.Sweet.Vickie.can.take.Dredd.cock.in.her.ass.or.Not.anal.bbc.blonde.bigcock.blowjob.deepthroat.cowgirl.missionary.doggystyle.hardcore.lingerie.fantasy.extreme.scream.moaning.blackrock.mp4,magnet:?xt=urn:btih:1d7ef46ae3555617daa29451149634350910a9b7,361.15 Mb,@BlackRock_yps
5567,eOyovXZ1,New.Love.Pill.Malayalam.Season.01.Episodes.02.Yessma.WEB.Series.16.9.2023.1080P.Bhabhi.Indian.Busty.Curvy.Bigtits.Bigass.Asian.Sensual.Kissing.Webseries.Foreplay.DAILYUPLOAD.Watch.full.video.in.1080P.mp4,magnet:?xt=urn:btih:72188e8f35df5c9b71b573dd2f8a9535bdf8e78e,231.19 Mb,@DAILYUPLOAD_yps
5567,eOyolgPP,New.Deal.Hindi.Season.01.Episode.01.PrimeShots.WEB.Series.16.9.2023.1080P.Bhabhi.Indian.Busty.Curvy.Bigtits.Bigass.Asian.Sensual.Kissing.Webseries.Foreplay.DAILYUPLOAD.Watch.full.video.in.1080P.mp4,magnet:?xt=urn:btih:2aa03f084c9fc96fdddb6638c3731073230e1ea6,211.42 Mb,@DAILYUPLOAD_yps
5567,eOyoh4JZ,New.Ashley.25ans.Maya.Crosses.Paths.With.A.Great.Partner.16.09.2023.Hardcore.Bigtits.Threesome.Blonde.ILUVY.mp4,magnet:?xt=urn:btih:2bc7115d5ec4f03fe78832b5909aac97743b51df,467.29 Mb,@ILUVY_yps
5567,eOynCshV,Roxy.Richie.PISS.GUZZLER.fucked.up.hard.by.DOM.OLD.MAN.bigass.blowjob.hardcore.piss.mp4,magnet:?xt=urn:btih:55f2aba55738f61e1ba27db9c2c76ea65f01a94f,549.76 Mb,@AJ47_yps
5567,eOymUPbN,Nice Surprise,magnet:?xt=urn:btih:ee514521d5a471b1ec95cc7110c9918bd9d25a99,3104.71 Mb,@WEBDL
5567,eOymRmJe,"Bianca Burke [NO] Sep 16, 2023_720.mp4",magnet:?xt=urn:btih:edf4a6b7fd2b5419d6d219cec9a6704d5a1a302e,1168.83 Mb,@WEBDL
5567,eN9gTxmM,Reagan.Foxx.Mommy.Cums.First.milf.bigtits.roleplay.pov.hardcore.mp4,magnet:?xt=urn:btih:c7278c74e7c0486e4c697529412e3cb69850855f,496.65 Mb,@MisterStroker_yps
5567,eOykOFDT,Gina.Gerson.and.Tiffany.Tatum.group.mp4,magnet:?xt=urn:btih:4394070faebfc5930d47d0e065556125ed48491d,488.53 Mb,@dirty
5567,3QaYD9a,New.Blondie.Bombshell.And.Her.Boy.Toy.15.09.2023.Hardcore.Milf.Bigtits.Roleplay.ILUVY.mp4,magnet:?xt=urn:btih:7db55ff4ba9d2db89485a63f7c41db9dc8739a75,466.28 Mb,@ILUVY_yps
5567,eOyjDI5m,Jennifer.White.Wife.Slips.Our.Hotel.Room.Key.to.Random.BBC.milf.bigtits.interracial.black.roleplay.pov.hardcore.mp4,magnet:?xt=urn:btih:b8e7c0193feac3c0a618e9d88ff159936d118332,424.41 Mb,@MisterStroker_yps
5567,eOyjD6dn,Amber.Moore.Professional.Conduct.smalltits.blowjob.reversecowgirl.artporn.hardcore.mp4,magnet:?xt=urn:btih:da8cf0d8109235192fd382e1389fc26e8eed27f5,423.95 Mb,@MisterStroker_yps
5567,eOyj6wp2,New.Alison.Rey.16.09.2023.Hardcore.Bigtits.Roleplay.ILUVY.mp4,magnet:?xt=urn:btih:2b40baab60cac777c5567f3915496640e47e1c56,452.49 Mb,@ILUVY_yps
5567,eOyjsmJL,New.Anna.Claire.Clouds.14.09.2023.Hardcore.Artporn.Threesome.ILUVY.mp4,magnet:?xt=urn:btih:2bb79df6e8db3c086d8d38db254bde39d41664f2,553.42 Mb,@ILUVY_yps
5567,eOyiZy79,1080p.WoodmanCastingX.Marley.Brinx.Amateur.Hardcore.Teen.Deepthroat.Facefuck.Anal.Rimming.Cumshot.Facial.Threesome.HighQuality.1080P.FullHD.MeetMyLove.mp4,magnet:?xt=urn:btih:f9c7d981eed268d0299d2f8d42ccf41de5742388,1154.65 Mb,@MeetMyLove_yps
5567,eOyixNfS,Katrina.Colt.Anal.Loving.Milfs.full.video.HD.https.streamhub.ink.t50bolfomurp.new.pussy.Cum.onlyfans.Fuck.Amateur.Bigtits.Bigass.Blowjob.Rough.doggystyle.cowgirl.anal.milf.mp4,magnet:?xt=urn:btih:733d4bce0d91838f68443f36ee3f98711d83f314,764.51 Mb,@yutio_yps
5567,eOyio0BB,OnlyFans.Lena.Paul.Homemade.Sex.Tape.With.Chase.full.video.HD.r.nhttps.streamhub.ink.9f5q28gzrmdj.r.n.r.n.r.n.r.n.r.n.new.pussy.Cum.onlyfans.Fuck.Amateur.Bigtits.Bigass.Blowjob.Rough.doggystyle.cowgirl.faefuck.mp4,magnet:?xt=urn:btih:071ab7edf25322639b4cd2bad0095f079ef7d8ab,943.2 Mb,@yutio_yps
5567,eOyic5ta,Daisy.Stone.Gangbang.Black.Blonde.Creampie.mp4,magnet:?xt=urn:btih:6bbda579cc6bb53e1a1ff375f8f0f7a47824e405,585.65 Mb,@MrGold
5567,eOyhW7Va,No.Models.Assigned.Busty.Threesome.MILF.bigtits.mp4,magnet:?xt=urn:btih:5391184fdc28a6a15992010d0293e92ce663572a,279.94 Mb,@MrGold
5567,cZaeUGc,No.Models.Assigned.Punished.5.redhead.MILF.bigtits.lingerie.mp4,magnet:?xt=urn:btih:a3e6b1a224a38087c64c34181e896ce188ae7084,527.38 Mb,@MrGold
5567,eOyhU0mD,New.Gina.Gerson.Tiffany.Tatum.A.Double.Booking.Leads.To.A.Family.Sw.ap.16.09.2023.Hardcore.Roleplay.Family.Pov.ILUVY.mp4,magnet:?xt=urn:btih:7880851ee97ef0f592ab1074c8c1df41cb8f9481,450.38 Mb,@ILUVY_yps
5567,eOyhPHJL,No.Models.Assigned.Smoking.Threesome.bigtits.fetish.mp4,magnet:?xt=urn:btih:6f439b38fab8b42703db5dadb7a4f9b9fd66e2ef,378.91 Mb,@MrGold
5567,3QaM54R,Caramella.Del.X.anal.double.deepthroat.gangbang.mp4,magnet:?xt=urn:btih:f8ef54bf7b5af42d730bdc2edc32c31027a7be15,731.3 Mb,@MrGold
5567,eOyhNfhD,Athena.Fleurs.anal.blonde.oiled.mp4,magnet:?xt=urn:btih:a1f1f00f763462d1032d5800fde456252da127f4,469.94 Mb,@dirty
5567,eOyhM6ni,My.Stepmom.2023.NeonX.Hot.Hindi.Short.Film.asian.indian.busty.curvy.bigtits.bigass.bhabhi.sensual.kissing.webseries.foreplay.mp4,magnet:?xt=urn:btih:03597040f2dec57088716e67667d3e687d3648ca,800.21 Mb,@ThePornGalaxy_yps
5567,3QaLzzk,No.Models.Assigned.Busty.Threesome.2.bigtits.mp4,magnet:?xt=urn:btih:b425aa8f52b911c6001092148e10b03b7c7262a9,195.92 Mb,@MrGold
5566,eOy0lZGE,Valerica.Steele.https.doodstream.com.d.ny47pjyfle84.Kinky.Squirter.Creampied.teens.petite.squirt.pov.hardcore.mp4,magnet:?xt=urn:btih:16bebbcd41eb45797b97dc458d40331e5e17c64c,550.57 Mb,@ponklay5_yps
5566,eOy0jD4Y,NEW.Private.Anita.Rover.Makes.her.Anal.Debut.in.a.Threesome.with.Jolee.Love.FFM.BigDick.Anal.Blowjob.Outdoor.RoughSex.Hardcore.BigTits.FakeBoobs.Cumshot.mp4,magnet:?xt=urn:btih:e7b32380b06b92218598055876f3926133d4466a,740.97 Mb,@kitlane_yps
5566,eOy0bjUw,Elle.Oiling.Her.Giant.Twins.new.hardcore.bigtits.bigass.milf.cougar.artporn.mature.incest.rough.bigdick.busty.orgasm.pussylicking.blowjob.mature4k.mp4,magnet:?xt=urn:btih:e8fd6905103b2a99aaf9008c9d0ce8b975d64103,407.44 Mb,@heatfeat_yps
5566,eOyzyApz,OnlyFans.2023.Coco.Lovelock.Johnny.Sins.Blonde.Teen.Petite.Tiny.BigDick.Blowjob.Homemade.DeepThroat.Hardcore.CumInMouth.mp4,magnet:?xt=urn:btih:1565b1cc6c1d9cf3e0dacf9b616279b48e837bad,464.71 Mb,@kitlane_yps
5566,3Qc55yS,Aubree.Valentine.cuckold.black.mp4,magnet:?xt=urn:btih:c8159e3da7dd69d8380c1d0f75c5dc6145234194,508.49 Mb,@MrGold
5566,eOyyVau7,Mara.Martinez.Just.Want.To.Fuck.outdoor.mp4,magnet:?xt=urn:btih:e88dc6f484c1f3401bf69d569e71def8e6cc84c3,395.92 Mb,@MrGold
5566,eOyyEJIm,Misha.Montana.Part.9.Preps.For.Her.Finale.Of.The.Alien.Tail.Tattoo.fetish.mp4,magnet:?xt=urn:btih:01440d15bb227b8e43897a1765e6306653185615,163.19 Mb,@MrGold
5566,eOyy6JYo,1080p.JacquieEtMichelTV.Clemence.Didi.Zerati.We.can.not.refuse.Clemence.anything.Amatuer.Hardcore.French.Group.Lesbian.Buttplug.Anal.Cumshot.HighQuality.1080P.FullHD.MeetMyLove.mp4,magnet:?xt=urn:btih:57217172de126a41cfa1faddf976d304caa8ee2b,692.39 Mb,@MeetMyLove_yps
5566,eOxsdQbG,Laney.Grey.https.doodstream.com.d.er1zlmravtzw.Unexpected.Naked.Pictures.Of.My.Stepsister.teens.pov.incest.blonde.bigass.hardcore.mp4,magnet:?xt=urn:btih:abc875e85e1f51f2bfcdce3273c8f19120f4578f,783.77 Mb,@ponklay5_yps
5566,3Qc0p4r,Rebecca.LoveXO.Got.some.new.lingerie.bigass.bigtits.blowjob.hardcore.pov.mp4,magnet:?xt=urn:btih:40f07020bf7bf67a738b161c65329bfee7d8234f,512.19 Mb,@AJ47_yps
5566,eOyyjNxZ,NEW.Sybil.A.Brand.New.Wet.Anal.Scene.anal.dildo.lingerie.solo.brunette.bigtits.bigass.bedroom.pink.blackrock.mp4,magnet:?xt=urn:btih:632b557e9096e1bdb1d770b55c43ee00a67c4f91,275.3 Mb,@BlackRock_yps
5566,eOyyaPiH,Mira.Monroe.Emma.Rosie.https.doodstream.com.d.w63ybxhpuweg.Well.Take.the.Prude.Out.of.You.teens.pov.incest.petite.blonde.brunette.hardcore.mp4,magnet:?xt=urn:btih:155259009b69e074a77185126c52331c8c592cd3,1046.91 Mb,@ponklay5_yps
5566,eOyxwaek,Cherie.deville.fucked.by.a.stranger.full.video.HD.https.streamhub.ink.mzrhjtlj9x23.new.pussy.Cum.onlyfans.Fuck.Amateur.Bigtits.Bigass.Blowjob.Rough.doggystyle.cowgirl.milf.blonde.lingerie.mp4,magnet:?xt=urn:btih:26a12c214ac7425fd86167b2c18f8775e97d4b81,289.46 Mb,@yutio_yps
5566,eOyxkswy,Alexa.Payne.And.Johnny.Sins.full.video.HD.https.streamhub.ink.3x6yccjahaxg.new.pussy.Cum.onlyfans.Fuck.Amateur.Bigtits.Bigass.Blowjob.Rough.doggystyle.cowgirl.mp4,magnet:?xt=urn:btih:a63790043f77878fce36b96dba6bfa5000aa60f8,805.4 Mb,@yutio_yps
5566,eOyxhoiP,Johnny.Sins.x.Tru.Kait.x.LaSirena69.full.video.HD.https.streamhub.ink.uleyo7w6zerl.new.pussy.Cum.onlyfans.Fuck.Amateur.Bigtits.Bigass.Blowjob.Rough.threesome.latina.bwc.doggystyle.cowgirl.mp4,magnet:?xt=urn:btih:8935e555400a55923eb3fa5699d8ab8610ef061e,614.06 Mb,@yutio_yps
5566,eOyxfQb9,Jill.Kassidy.x.Johnny.Sins.OnlyFans.full.video.HD.https.streamhub.ink.0gb2y02qhjo5.new.pussy.Cum.onlyfans.Fuck.Amateur.Bigtits.Bigass.Blowjob.Rough.blonde.teen.doggystyle.cowgirl.mp4,magnet:?xt=urn:btih:93edc37fb0b7b4ce81f92412fd6922c929c93e05,801.26 Mb,@yutio_yps
5566,eOyxf68F,Lana.Smalls.Johnny.Sins.full.video.HD.https.streamhub.ink.8y06cv2bkaob.new.pussy.Cum.onlyfans.Fuck.Amateur.Bigtits.Bigass.Blowjob.Rough.doggystyle.cowgirl.creampie.teen.mp4,magnet:?xt=urn:btih:a0866dc3c8c1777641106056a3b780137628d9f0,404.31 Mb,@yutio_yps
5566,eOyxfot3,Melissa.Stratton.x.Angel.Youngs.x.Johnny.Sins.OnlyFans.full.video.HD.https.streamhub.ink.1kil3iixqfge.new.pussy.Cum.onlyfans.Fuck.Amateur.Bigtits.Bigass.Blowjob.Rough.doggystyle.cowgirl.threesome.teen.blonde.bwc.mp4,magnet:?xt=urn:btih:61cca1cc8dcf2e5b4103cadcbe14af179fe29eef,359.02 Mb,@yutio_yps
5566,eOyxd1d1,Mira.Monroe.My.Stepdaughter.is.My.Lover.smalltits.interracial.black.roleplay.pov.Hardcore.mp4,magnet:?xt=urn:btih:b8600308e5e89d67fb2d5876fa60e79c8eb79ec3,430.11 Mb,@MisterStroker_yps
5566,eOywYXcj,Cherie.deville.Dani.daniels.Wizardly.full.video.HD.https.streamhub.ink.8n9l33cmhj0c.new.pussy.milf.onlyfans.joi.Amateur.Bigtits.Bigass.lesbian.Rough.ass.mp4,magnet:?xt=urn:btih:4278997fb16e549a289b39b69e79963332996426,246.34 Mb,@yutio_yps
5566,eOywYNLf,Spencer.Scott.Sage.Rabbit.Overachievers.milf.bigtits.roleplay.threesome.pov.hardcore.mp4,magnet:?xt=urn:btih:5e5e3a923413a014de3aa29b2cfbdc44e40e67f1,738.51 Mb,@MisterStroker_yps
5566,eOywVZU2,Angela.White.x.Johnny.Sins.Homemade.full.video.HD.https.streamhub.ink.r6ls5dx1yx32.new.pussy.Cum.onlyfans.Fuck.Amateur.Bigtits.Bigass.Blowjob.Rough.doggystyle.cowgirl.milf.bwc.mp4,magnet:?xt=urn:btih:6fc1bace7421c4fdab129e40fb90ba8fc4e3dc08,808.92 Mb,@yutio_yps
5566,eOywUlzE,Jill.Kassidy.16.09.23.smalltits.roleplay.pov.hardcore.mp4,magnet:?xt=urn:btih:093ca694679a0a69caf21dd6ee2e9bc692db9071,405.24 Mb,@MisterStroker_yps
5566,eOywQ2K4,Nikki.Zee.Have.You.Tried.Anal.anal.milf.bigtits.roleplay.pov.hardcore.mp4,magnet:?xt=urn:btih:a40acad505b3f437e3e1a60bc49d118433d21d48,636.12 Mb,@MisterStroker_yps
5566,eOywONOn,Alison.Rey.16.09.23.bigtits.interracial.black.roleplay.pov.hardcore.mp4,magnet:?xt=urn:btih:8cb0d685b4b67135fc57f5f5b71d76c87c344474,541.87 Mb,@MisterStroker_yps
5566,eOywNUXZ,Tru.Kait.x.Johnny.Sins.GYM.fuck.full.video.HD.https.streamhub.ink.atd4rr4ja3ic.new.pussy.Cum.onlyfans.Fuck.Amateur.Bigtits.Bigass.Blowjob.Rough.blonde.doggystyle.cowgirl.mp4,magnet:?xt=urn:btih:e88f5684bf736722a723a18460cc474aef31421c,485.1 Mb,@yutio_yps
5566,eOywMlIn,Gina.Gerson.Tiffany.Tatum.A.Double.Booking.Leads.To.A.Family.Swap.smalltits.roleplay.foursome.hardcore.mp4,magnet:?xt=urn:btih:66e6e9902cde819202fcd869cdb9aa9efc403da9,477.4 Mb,@MisterStroker_yps
5566,eOywACmp,Anita.Rover.Jolee.Love.Anita.Rover.Makes.her.Anal.Debut.in.a.Threesome.with.Jolee.Love.anal.milf.bigtits.pov.threesome.hardcore.mp4,magnet:?xt=urn:btih:4983ba12fb1398310dffa2731b306314ea75f36e,740.97 Mb,@MisterStroker_yps
5566,eOyw3BlW,Sarina.What.A.Day.So.Much.Cum.milf.bigtits.pov.hardcore.mp4,magnet:?xt=urn:btih:f43871ebc5766859d455378329206f4cfb3cc271,1023.08 Mb,@MisterStroker_yps
5566,eOyw0dOo,London.Laurent.Busty.Babe.London.Laurent.Gets.Her.Pussy.Fucked.Hard.LIVE.milf.bigtits.interracial.black.roleplay.pov.hardcore.mp4,magnet:?xt=urn:btih:9784f6680128b9daf93136e4578ea90bb6075906,904.42 Mb,@MisterStroker_yps
5566,eOywt70z,Lolly.Dames.Violet.Gems.Dressed.For.The.Occasion.milf.bigtits.roleplay.threesome.pov.hardcore.mp4,magnet:?xt=urn:btih:c32511f94a761af94733288b39aa75d538f90613,777.93 Mb,@MisterStroker_yps
5566,eOywjlcy,Lola.Aiko.Today.She.s.Going.13.15.09.2023.smalltits.interracial.black.pov.hardcore.mp4,magnet:?xt=urn:btih:f6df72625f72de1fcdf6d1d457c0fd228162b9d1,677.85 Mb,@MisterStroker_yps
5566,eOywiFsR,Aubree.Valentine.Sit.There.And.Watch.bigtits.interracial.black.threesome.hardcore.mp4,magnet:?xt=urn:btih:0e5656659aba1b16c5c4f3b358e5b78a1bd53eba,475.17 Mb,@MisterStroker_yps
5566,eOywg4Vx,Hadiya.Honey.Whos.Charge.bigtits.roleplay.pov.hardcore.mp4,magnet:?xt=urn:btih:174092f74109be1b7921272e5e7288e413f72c71,538.78 Mb,@MisterStroker_yps
5566,eOyvXHtd,Sarah.Arabic.Gets.A.Hard.Pounding.And.Satisfying.Creampie.milf.bigtits.roleplay.pov.hardcore.mp4,magnet:?xt=urn:btih:9aec083f138b584e445e1f36812d2854df103595,328.49 Mb,@MisterStroker_yps
5566,eOyvLpZ4,Anissa.Kate.Ania.Kinski.Nympho.Teachers.Seduce.Colleagues.Into.DP.Gangbang.GP2775.anal.milf.bigtits.doublepenetration.gangbang.hardcore.mp4,magnet:?xt=urn:btih:889c23bc0bea286283a30e19329d29944e118fc4,581.04 Mb,@MisterStroker_yps
5566,eOyv5V7Y,Bambi.Barton.Spells.It.Out.Without.A.Doubt.smalltits.roleplay.pov.hardcore.mp4,magnet:?xt=urn:btih:527c280f7064732567bc233ffd5717f88fbf155b,374.04 Mb,@MisterStroker_yps
5566,eOyufv9a,Drowned.in.Piss.Sindy.Rose.6on1.Manhandle.with.Pee.Drink.DAP.Buttrose.and.Swallow.GIO1374.hardcore.rough.gangbang.skinny.fit.blonde.dap.deepthroat.anal.buttrose.wrecked.orgasm.piss.swallow.bigdick.russian.milf.prolapse.legalporno.mp4,magnet:?xt=urn:btih:c37b35518869e7910439f4fb3607a222bb22d71d,1563.72 Mb,@heatfeat_yps
5566,eOytj9Cg,New.Crimes.and.Confessions.Hindi.Season.02.Episodes.16.AltBalaji.WEB.Series.16.9.2023.1080P.Bhabhi.Indian.Busty.Curvy.Bigtits.Bigass.Asian.Sensual.Kissing.Webseries.Foreplay.DAILYUPLOAD.Watch.full.video.in.1080P.mp4,magnet:?xt=urn:btih:fc71d46644fbb2c48d9b7f96d68a24d8dd1aff3e,234.76 Mb,@DAILYUPLOAD_yps
5566,eOystGwG,Bianca.Burke.Is.Horny.And.In.Need.Of.A.Big.Black.Cock.milf.bigtits.interracial.black.roleplay.pov.hardcore.mp4,magnet:?xt=urn:btih:854e5dc7e69e8afc91380c0a985146fe7c265b17,437.01 Mb,@MisterStroker_yps
5565,eJJXxirn,BackroomCastingCouch.Vivian.19yo.Amateur.Casting.Teen.NaturalTits.Hairy.Anal.Facial.Toys.Blowjob.MeetMyLove.mp4,magnet:?xt=urn:btih:0aa00cebe3271d60476006d0c59db68834e9f07b,389.44 Mb,@MeetMyLove_yps
5565,eOy5feYk,Skye.Blue.Blake.Blossom.Destiny.Cruz.The.Mean.Girls.bigass.bigtits.blonde.blowjob.hardcore.pov.mp4,magnet:?xt=urn:btih:dc5795393bd22b6719f73371e9976ac974c71c79,1520.62 Mb,@AJ47_yps
5565,eOy5d9nF,No.Models.Assigned.Teens.Fucked.Hard.mp4,magnet:?xt=urn:btih:526fe5c27e50f7680d31b062a7c1b0a1c00ae1a9,278.95 Mb,@MrGold
5565,3Qdfnrs,Face.Tat.Mami.Part.6.The.1St.Scene.hardcore.mp4,magnet:?xt=urn:btih:1452ff2f3058e47f4e9923f20a1314a007840bab,278.73 Mb,@MrGold
5565,eOy4CTYi,Mara.Martinez.Just.Want.To.Fuck.Anywhere.bigtits.mp4,magnet:?xt=urn:btih:79cb0b5508124bcfe00ca94be5d1207162378ffb,291.19 Mb,@MrGold
5565,eOy41iWa,Synchronous.Pleasure.With.Two.Beauties.https.doodstream.com.d.h367n0p1hzc2.mp4,magnet:?xt=urn:btih:d40b3691285ab772b74dbf93103954c20dea6b26,449.12 Mb,@ponklay5_yps
5565,eOy4pMKW,Vanna.Bardot.Little.Dragon.Influence.Part.2.HD.https.streamvid.net.jl1i2dyhnfgr.new.hardcore.threesome.rough.bbc.interracial.black.artporn.deepthroat.anal.cuminmouth.cumshot.orgasm.blonde.slim.blacked.mp4,magnet:?xt=urn:btih:47525d6bc02cba9278f7feaa2874146f7a3e1197,508.02 Mb,@heatfeat_yps
5565,eOy3yAXJ,Delilah.Day.Maya.Woulfe.https.doodstream.com.d.nqahg8b1ulsq.teens.threesome.redhead.brunette.pov.hardcore.mp4,magnet:?xt=urn:btih:57ba8680a76eee74bf2c9f27ae0795f60dd555ec,414.53 Mb,@ponklay5_yps
5565,eOy2UyUr,Tru.Kait.POV.https.doodstream.com.d.igm4l7l4c0j2.brunette.teens.pov.bigass.hardcore.onlyfans.mp4,magnet:?xt=urn:btih:7cbc468c370e0920ab615db71c2a562e2b53de77,381.14 Mb,@ponklay5_yps
5565,eOy26L1Y,Nicole.Doshi.Sloppy.Greece.Rooftop.BBC.Fuck.asian.bigass.bigtits.black.hardcore.interracial.mp4,magnet:?xt=urn:btih:43d12f3d00533f66e68a3c4f6af297567d50d55d,522.72 Mb,@AJ47_yps
5565,eOy238YZ,Elena.Koshka.https.doodstream.com.d.yx13ul42qkl0.Three.Sex.Lessons.For.My.Stepsis.teens.brunette.russian.bigass.hardcore.mp4,magnet:?xt=urn:btih:bc3fee34a4b6544e9166c9c71cd99783abddcd87,550.77 Mb,@ponklay5_yps
5565,eOy2wXcG,Misha.Montana.S.Comeback.Scene.After.Her.Stroke.deepthroat.bigtits.mp4,magnet:?xt=urn:btih:8409a5c5c53c6e9346f06cf870d97d8ae9f3b8ee,467.86 Mb,@MrGold
5565,eOy2uxGi,Violet.Starr.Pool.Fuck.WIth.Johnny.Sins.full.video.HD.https.streamhub.ink.lncmzk96zw4s.new.pussy.Cum.onlyfans.Fuck.Amateur.Bigtits.Bigass.Blowjob.Rough.doggystyle.cowgirl.mp4,magnet:?xt=urn:btih:f116f681d7ba32fef6cfd243cbcbd8997310eba2,936.75 Mb,@yutio_yps
5565,eOy2iaYo,Wanessa.Lobato.anal.bigass.bigtits.blowjob.hardcore.latina.pov.trans.mp4,magnet:?xt=urn:btih:f40a501dd31a9fdaae6b0446c5b18e39119611b3,636.44 Mb,@AJ47_yps
5565,eOy2hgso,Face.Tat.Mami.Part.5.The.World.Record.fetish.mp4,magnet:?xt=urn:btih:8f3b3e7221ef36a610dd5ef7db8d4cde5fd22a4b,218.43 Mb,@MrGold
5565,eOy2etD7,Face.Tat.Mami.Part.4.Stencils.Stress.Relief.blowjob.mp4,magnet:?xt=urn:btih:0899d4f7db1fcca302255d47b0dc7f92cc5062bc,213.97 Mb,@MrGold
5565,eOy1KA65,Cheerleaderkait.Jill.Kassidy.LillieBlonde.Orgy.With.Johnny.Sins.full.video.HD.https.streamhub.ink.1hy87bpnzrmm.new.pussy.Cum.onlyfans.Fuck.Amateur.Bigtits.Bigass.Blowjob.Rough.doggystyle.cowgirl.orgy.blonde.teen.pov.facial.mp4,magnet:?xt=urn:btih:74325dde53d491aa585cf02051be8bb66190cf5c,956.16 Mb,@yutio_yps
5565,eOy1DK8N,Jia.Lissa.Morning.Routine.Sex.full.video.HD.https.streamhub.ink.96ofo2kpvidf.new.pussy.Cum.onlyfans.Fuck.Amateur.teen.Bigass.Blowjob.Rough.doggystyle.cowgirl.mp4,magnet:?xt=urn:btih:9dc2ff0db6191037d6765092cb3a1e2880f6e5da,277.86 Mb,@yutio_yps
5565,eOy19oR5,Eva.Elfie.Poolside.Fun.full.video.HD.https.streamhub.ink.ehx1a1swwnsf.new.pussy.Cum.onlyfans.Fuck.Amateur.Bigtits.Bigass.Blowjob.Rough.doggystyle.cowgirl.blonde.teen.mp4,magnet:?xt=urn:btih:c3e3d90e3c91c974d982acdb6b50a3c6872b7492,176.77 Mb,@yutio_yps
5565,eOy17W1B,Cami.Strella.Johnny.Sinsfull.video.HD.https.streamhub.ink.03ndjkrm27tz.new.pussy.Cum.onlyfans.Fuck.Amateur.Bigtits.Bigass.Blowjob.Rough.doggystyle.cowgirl.public.teen.mp4,magnet:?xt=urn:btih:7c9c4d3ed327bfd36d3d6478c8d96a2f0b7c0697,363.6 Mb,@yutio_yps
5565,eOy162Ss,This.19.Year.Old.Handle.Deep.Pounding.Of.Johnny.Sins.full.video.HD.https.streamhub.ink.6w4jsxudrn7d.new.pussy.Cum.onlyfans.Fuck.Amateur.Bigtits.Bigass.Blowjob.Rough.doggystyle.cowgirl.teen.blonde.mp4,magnet:?xt=urn:btih:5ac35e1cd9359ae3581c6bb44ea921d5de0c78e3,405.3 Mb,@yutio_yps
5565,3QcKBP0,Emma.Rose.Glutes.To.See.You.anal.bigass.bigtits.black.blowjob.hardcore.interracial.trans.mp4,magnet:?xt=urn:btih:83641cec7790b1f9a4f021586c148c911a4f0d51,654.87 Mb,@AJ47_yps
5565,eOy14zRn,Teen.Redhead.Pov.Anal.Jia.Lissa.full.video.HD.https.streamhub.ink.3qznat09raao.new.pussy.Cum.onlyfans.Fuck.Amateur.teen.Bigass.Blowjob.Rough.doggystyle.cowgirl.anal.redhead.mp4,magnet:?xt=urn:btih:3a5ee03397ae4adad6c8786b98ad8dfed6fe2b60,577.06 Mb,@yutio_yps
5565,eOy1yAGh,Eva.Elfie.Is.A.Gamer.full.video.HD.https.streamhub.ink.tjkurtu3o0om.new.pussy.Cum.onlyfans.Fuck.Amateur.Bigtits.Bigass.Blowjob.Rough.teen.blonde.doggystyle.cowgirl.mp4,magnet:?xt=urn:btih:5b0e48428aeb6fa1b14a397a807bceed5f48a208,313.64 Mb,@yutio_yps
5565,eOy1yiXM,Maya.Rue.Johnny.Sins.Homemade.Hard.full.video.HD.https.streamhub.ink.klytmj2eltup.new.pussy.Cum.onlyfans.Fuck.Amateur.Bigtits.Bigass.Blowjob.Rough.doggystyle.cowgirl.mp4,magnet:?xt=urn:btih:7b351783967e7de39d150391b6cff64f88a79a62,543.12 Mb,@yutio_yps
5565,eOy1v8Ca,Kayla.Jade.East.And.Johnny.Sins.full.video.HD.https.streamhub.ink.7rmf7oa8ex81.new.pussy.Cum.onlyfans.Fuck.Amateur.Bigtits.Bigass.Blowjob.Rough.doggystyle.cowgirl.mp4,magnet:?xt=urn:btih:d529004687d9bf0b9938d4a56f40ce98273e7e5e,426.65 Mb,@yutio_yps
5565,eOy1tr7Z,OnlyFans.Valentina.Nappi.and.Johnny.Sins.full.video.HD.https.streamhub.ink.lntlk9rq6nor.new.pussy.Cum.onlyfans.Fuck.Amateur.Bigtits.Bigass.Blowjob.Rough.doggystyle.cowgirl.mp4,magnet:?xt=urn:btih:746b02d6e397536d46d855019cd9e0e7169b0e88,402.41 Mb,@yutio_yps
5565,eOy1c3Y8,Dolly.Destruction.Gets.Fucked.By.Big.Titty.Superstar.Samantha.Mack.lesbian.bigtits.strapon.mp4,magnet:?xt=urn:btih:d18ffa1b472a632cab7b68d71d6e340e3d86b026,476.97 Mb,@MrGold
5565,eOy1bNfE,Naomi.Swann.https.doodstream.com.d.3f8slq56wi4w.The.Office.teens.blonde.submissive.black.rough.interracial.bigass.hardcore.mp4,magnet:?xt=urn:btih:913d952698790e26a6c91e4b7f8d8252f93816ee,487.93 Mb,@ponklay5_yps
5565,eOy1avDw,Evilyn.Ink.Tattoos.Ivan.and.River.Dawn.Ink.While.Fucking.With.A.StrapOn.lesbian.mp4,magnet:?xt=urn:btih:8d7da9bc11b78dda71e99af976595b86c92cbc8e,489.83 Mb,@MrGold
5565,eOy0XNKF,River.Dawn.Ink.Riding.A.Tremor.solo.mp4,magnet:?xt=urn:btih:5d49bd6e0f1e4564cc95227ad7ade57ba5518f2b,157.87 Mb,@MrGold
5565,eOy0TicP,Evilyn.Ink.and.Mother.Aurora.Tattooing.Mother.Auroras.Butthole.lesbian.mp4,magnet:?xt=urn:btih:32c11fc064a5316cf6160aae43e48ae6a5cced10,507.57 Mb,@MrGold
5565,eOy0SmRY,Jade.Jardelli.Big.Booty.Latina.Fucking.A.Big.Hard.Cock.anal.mp4,magnet:?xt=urn:btih:c8700774f82f2a5338058ba2ef87bc4cee286869,713.97 Mb,@MrGold
5565,eOy0LUZi,1080p.OnlyFans.Alina.Fox.Cute.Girl.Gets.Massaged.And.Fucked.Cute.Perfectbody.Skinny.SmallTits.Teen.POV.Blowjob.Facial.Closeup.HighQuality.1080P.FullHD.MeetMyLove.mp4,magnet:?xt=urn:btih:60d1250f320ad63580164dc3fc8d9f276a5832b0,490.26 Mb,@MeetMyLove_yps
5565,eOy0IBAj,Jessi.Palmer.Love.Cum.On.Her.Feet.hardcore.footfetish.mp4,magnet:?xt=urn:btih:ba25ccd53922fba844db52c5e5f2ba1f9e35ecb3,375.79 Mb,@MrGold
5565,eOy0E4KE,Misha.Montana.Part.8.Shows.Her.Healed.Up.Alien.Pussy.Tattoo.mp4,magnet:?xt=urn:btih:64b1aaa6bf5b2752548d922ae38ddc7b9f7d6d67,199.91 Mb,@MrGold
5565,eOy09erZ,Anuskatzz.Wearing.Sexy.Pink.Harness.While.Fucking.anal.black.tatto.deepthroat.mp4,magnet:?xt=urn:btih:6b3e90b413f1039152e555f2515e5134ccb7a7b1,230.84 Mb,@MrGold
5565,eOy08JNh,Lily.Lane.and.Samantha.Mack.Energetic.Fuck.Fest.threesome.tatto.bigtits.bigass.deepthroat.lingerie.mp4,magnet:?xt=urn:btih:988032173b6d95928a814a4e32c1adc85d57c855,437.18 Mb,@MrGold
5565,eOy07chA,Adel.Asanti.Public.Fucking.hardcore.mp4,magnet:?xt=urn:btih:117dbf9f1334d11a98448f8e7da1a9e5f2bd9920,304.59 Mb,@MrGold
5565,eOy06Rx8,Anuskatzz.Getting.Anal.Fucking.black.mp4,magnet:?xt=urn:btih:1d7bf4265f60287394e40a791e24934e43038906,169.6 Mb,@MrGold
5564,eOyKReTY,1080p.OnlyFans.Alina.Fox.She.Looks.So.Freaking.Good.In.This.Outfit.Perfectbody.Skinny.SmallTits.Teen.POV.Blowjob.Cuminmouth.HighQuality.1080P.FullHD.MeetMyLove.mp4,magnet:?xt=urn:btih:8155af73b543d4f342b5133cc74b66b8fe448483,424.77 Mb,@MeetMyLove_yps
5564,eOyKfEEt,Bryce.Adams.Good.girls.open.all.holes.Full.VIDEO.HD.https.streamvid.net.do26m2osrvqv.Little.Angel.new.cute.babe.Rough.Hardcore.amateur.onlyfans.bigdick.brunette.Blowjob.cumshot.pov.anal.moaning.threesome.mp4,magnet:?xt=urn:btih:b069b2cf7e3f625f99c9157b7194f9b10be45fe6,189.67 Mb,@DRHole_yps
5564,eOyJHkXF,Hot.Riley.Reid.Breakfast.in.bed.without.wasting.food.Full.VIDEO.HD.https.streamvid.net.1qbf9aw68w0w.Little.Angel.new.cute.babe.Rough.Hardcore.amateur.onlyfans.bigdick.brunette.Blowjob.cumshot.hairy.pov.tattooed.mp4,magnet:?xt=urn:btih:e1667c9dacdeadc8ab487373a78fd3a26af8f144,166.83 Mb,@DRHole_yps
5564,eOyJ5Dbf,Carmen.Caliente.Onlyfans.Chris.Deamond.teen.new.2023.bigass.blowjob.Hardcore.onlyfans.Asian.BigTits.Pov.Public.Casting.Bbc.Blonde.osnxlyizfans.Bigtits.Latina.DOWNLOAD.mp4,magnet:?xt=urn:btih:c45099e2c992a797bae808ecfdffb3b3872c5dbc,221.17 Mb,@Osnxlyizfans_yps
5564,eOyIVhiZ,Aidra.Fox.She.s.a.master.of.dick.twisting.Full.VIDEO.HD.https.streamvid.net.ob4tl68jpqra.Little.Angel.new.cute.babe.Rough.Hardcore.amateur.onlyfans.bigdick.brunette.cumshot.shavedpussy.mp4,magnet:?xt=urn:btih:b628e32a8fc3e61d69489073786a9aa921d1afa1,565.54 Mb,@DRHole_yps
5564,eOyIBk6O,1080p.PrivateSociety.Carly.I.think.you.broke.my.butt.Amateur.Blowjob.Milf.Black.Interracial.BBC.Mature.Facefuck.SmallTits.RoundAss.Anal.Hardcore.Gaping.BigAss.HighQuality.1080P.FullHD.MeetMyLove.mp4,magnet:?xt=urn:btih:5d777de513aba5bbfb5fdc37e8c5093133666a46,266.25 Mb,@MeetMyLove_yps
5564,eOyIg8KA,ISABELLA.teen.latina.girl.threesome.Double.threesome.double.latina.mexican.onlyfans.osnxlyizfans.Pov.Hardcore.blonde.mp4,magnet:?xt=urn:btih:ce68417860e1caa939b9ca8b58af53b9e91f3731,337.06 Mb,@Osnxlyizfans_yps
5564,eOyHz4wT,Lily.Rader.Arya.Fae.https.doodstream.com.d.yuzsx3c01ux6.teens.blonde.black.bigass.submissive.rough.interracial.hardcore.mp4,magnet:?xt=urn:btih:9093398a173dc93ed6e14cce7acfbb3c4787ea84,484.35 Mb,@ponklay5_yps
5564,3QerHlv,SimplyAnal.Nelly.Kent.Anal.On.Board.babe.cute.anal.hardcore.bigtits.outdoor.doggy.rider.painmore.mp4,magnet:?xt=urn:btih:a6ecc56204ccc5e36f6acc47741b7b5fdffbcc3b,411.05 Mb,@Painmore_yps
5564,eOyGBsOl,Sybil.https.doodstream.com.d.fa01b1dgkxt7.teens.russian.oiled.bigass.submissive.rough.hardcore.mp4,magnet:?xt=urn:btih:826201f23ccc9c6a9842258fb3561cab9a28ca8c,811.8 Mb,@ponklay5_yps
5564,eOyG4lVo,CzechStreets.Sex.With.a.Conductor.in.the.Toilet.cute.hardcore.squirt.pov.redhead.naturaltits.public.doggy.rider.painmore.mp4,magnet:?xt=urn:btih:261a083577842bd58b0a92c37748e299f4867819,581.73 Mb,@Painmore_yps
5564,eOyFHS6z,OnlyFans.BigBootyBailey.Spit.Roasted.2.Facials.and.More.babe.cute.threesome.hardcore.bigass.facial.stockings.doggy.rider.painmore.mp4,magnet:?xt=urn:btih:738f6511f824d8e95a3457e5ae14e9a501a929b4,169.17 Mb,@Painmore_yps
5564,eOyFbKzs,OnlyFans.Summerstarz.Lola.Bunny.Sucks.Fucks.and.Rides.Cock.cute.hardcore.bigtits.milf.pov.doggy.rider.painmore.mp4,magnet:?xt=urn:btih:0fc4582b271c6ba5ca4b14420121b609e428a251,391.71 Mb,@Painmore_yps
5564,eOyEOvI9,jennifer.white.new.with.pressure.milf.new.2023.bigass.blowjob.Hardcore.BigTits.nelson.Pov.Public.Casting.Bbc.Blonde.osnxlyizfans.Bigdick.Latina.bigtits.mp4,magnet:?xt=urn:btih:9f643f899b3ccf3b24bc47e678aee6d634d027b0,387.57 Mb,@Osnxlyizfans_yps
5564,eOyErHJo,Niykee.Cruz.OF.FUCK.WITH.kinglui.milf.new.2023.bigass.blowjob.Hardcore.BigTits.nelson.Pov.Public.Casting.Bbc.Blonde.osnxlyizfans.Bigdick.Latina.bigtits.mp4,magnet:?xt=urn:btih:56a8eb985bf8a5c6b2edded6212cbdcf6519502f,389.94 Mb,@Osnxlyizfans_yps
5564,eOyDTqOi,OnlyFans.RebeccaLoveXO.Got.Some.New.Lingerie.babe.cute.hardcore.creampie.bigtits.pov.doggy.rider.painmore.mp4,magnet:?xt=urn:btih:dfbf2dcacb3fd0968c1d7051475b9b5a6c2ec0f8,264.58 Mb,@Painmore_yps
5564,eOyDR7gx,Karmen.Karma.FUCK.WITH.pressure.milf.new.2023.bigass.blowjob.Hardcore.BigTits.nelson.Pov.Public.Casting.Bbc.Blonde.osnxlyizfans.Bigdick.Latina.bigtits.mp4,magnet:?xt=urn:btih:9de829507a63975bd5da8ca3fa4e087218b1e7b9,541.4 Mb,@Osnxlyizfans_yps
5564,eOyDc8rM,ONLYFANS.Marian.franco.FUCK.WITH.pressure.milf.new.2023.bigass.blowjob.Hardcore.BigTits.nelson.Pov.Public.Casting.Bbc.Blonde.osnxlyizfans.Bigdick.Latina.petite.mp4,magnet:?xt=urn:btih:db871db1a451a2817fc75a37aa761606e5ba9850,310.42 Mb,@Osnxlyizfans_yps
5564,eOyC5H9I,kaggle.working.Alexa.Grace.https.doodstream.com.d.rt163nnj7vfx.teens.black.blonde.rough.bigass.submissive.interracial.hardcore.mp4,magnet:?xt=urn:btih:f8198e98cf0141efc9069313a1e82362b78d0684,325.36 Mb,@ponklay5_yps
5564,eOyCxZGQ,Elsa.Jean.Gina.Valentina.https.doodstream.com.d.uvd2ar5mr5u3.teens.threesome.blonde.rough.bigass.submissive.black.hardcore.mp4,magnet:?xt=urn:btih:df0b93b28c806f47d6c02c4ec811603a98a42857,595.89 Mb,@ponklay5_yps
5564,eOyCiQZz,1080p.WoodmanCastingX.Kat.Squirt.Casting.SmallTits.NaturalTits.RoundAss.Anal.Blowjob.Rimming.Rimjob.Flexible.Cuminmouth.Squirt.HighQuality.1080P.FullHD.MeetMyLove.mp4,magnet:?xt=urn:btih:f48f87c9ed1b14c9f735216902af350992ae5bc2,1401.74 Mb,@MeetMyLove_yps
5564,eOyBWndD,Ella.Elastic.Home.ANAL.of.a.teen.gymnast.Ella.Elastic.blonde.blowjob.hardcore.mp4,magnet:?xt=urn:btih:26de9fb6387228129b60bf3ff469141a9d2aec1a,752.37 Mb,@AJ47_yps
5564,eOyBNhvQ,Lily.Rader.Dredd.https.doodstream.com.d.ep29cb1uawoj.teens.blonde.rough.bigass.submissive.black.interracial.hardcore.mp4,magnet:?xt=urn:btih:1af14d39f9678b88ddffcbc9822aca74b0b1e472,442.9 Mb,@ponklay5_yps
5564,eOy9d7IB,New.r.nVanna.Bardot.Little.Dragon.17.9.2023.Hardcore.Artporn.Black.Threesome.Bbc.DAILYUPLOAD.r.nWatch.full.video.in.1080P.mp4,magnet:?xt=urn:btih:b6c45f6acfcb8e46e62fbfa6b0462a1f1a97659d,907.81 Mb,@DAILYUPLOAD_yps
5564,eOy7I68b,New.Vanna.Bardot.Little.Dragon.16.09.2023.Hardcore.Artporn.Black.Threesome.ILUVY.mp4,magnet:?xt=urn:btih:e44f1abcfdc77bd2e6d1a7a0910907e86517f0cf,907.81 Mb,@ILUVY_yps
5564,eOy7yxV5,1080p.PrivateSociety.Leila.Embracing.her.true.inner.slut.Amateur.Blowjob.Milf.Deepthroat.Mature.Facefuck.SmallTits.RoundAss.Creampie.HighQuality.1080P.FullHD.MeetMyLove.mp4,magnet:?xt=urn:btih:b335c82206abf324257f8227a534f26010c46d3d,273.89 Mb,@MeetMyLove_yps
5564,eOy7xSp1,New.Sweet.Vickie.Dredd.16.09.2023.Hardcore.Milf.BBC.ILUVY.Bigtits.ILUVY.mp4,magnet:?xt=urn:btih:9aebb5d76c16075757c7a0c63ee101dfe3f047f5,778.89 Mb,@ILUVY_yps
5564,eOy7kdiG,New.Skylar.Snow.16.09.2023.Hardcore.Milf.Bigtits.ILUVY.mp4,magnet:?xt=urn:btih:7843dd87fd5dd7c2700a2dd4c3e760655f932a7b,199.6 Mb,@ILUVY_yps
5564,eOy6IrZ4,Michy.Perez.newbie.Michy.Perez.1on1.100.Hardcore.with.pee.anal.bigass.blowjob.latina.piss.mp4,magnet:?xt=urn:btih:681fa08b88b0ce5e7da562fd81b48b6f36d0632e,748.95 Mb,@AJ47_yps
5564,cZaumqD,The.Cunning.Stepdaughter.Has.A.Good.Offer.https.doodstream.com.d.bq0jltqmqw6g.mp4,magnet:?xt=urn:btih:9e521b4b17b4930585c4933d1741a4ec13de1cee,498.9 Mb,@ponklay5_yps
5564,eOy6ui61,Mirella.Montana.Mam.e.Noel.chegou.mais.cedo.esse.ano.e.levou.apoio.do.saco.anal.bigass.bigtits.blowjob.creampie.hardcore.latina.pov.mp4,magnet:?xt=urn:btih:e9aa9051292b2491aa63e1f94c2b81c9627e30c4,317.43 Mb,@AJ47_yps
5564,eOy6sxyN,Private.Party.https.doodstream.com.d.rpgfm7pcb7qx.mp4,magnet:?xt=urn:btih:e986b418b7cc8a1193efc0a62a3d3c4c2c8e146d,372.99 Mb,@ponklay5_yps
5564,eOy5NJv2,Jack.And.Jill.And.Kathryn.full.video.HD.https.streamhub.ink.low2rnqgsbw8.new.pussy.Cum.onlyfans.Fuck.Amateur.Bigtits.Bigass.Blowjob.Rough.doggystyle.cowgirl.threesome.live.lesbian.teen.group.mp4,magnet:?xt=urn:btih:ddbcdccd5607326721c6693e2eba179ea81c159e,1243.14 Mb,@yutio_yps
5564,eOy5KTHv,Jack.And.Jill.And.Kathryn.Yoga.Babes.First.Show.full.video.HD.https.streamhub.ink.x3u11br0cmpr.new.pussy.Cum.onlyfans.Fuck.Amateur.Bigtits.Bigass.Blowjob.Rough.threesome.live.lesbian.teen.group.doggystyle.cowgirl.mp4,magnet:?xt=urn:btih:df7ffc715b8fc6e56def43261ec8e7801ecff6e2,985.98 Mb,@yutio_yps
5564,eOy5Kibz,Jack.And.Jill.Dakota.Tyler.Theodora.Day.Threesome.full.video.HD.https.streamhub.ink.jfmru93emy1i.new.pussy.Cum.onlyfans.Fuck.Amateur.Bigtits.Bigass.Blowjob.Rough.doggystyle.cowgirl.orgy.live.lesbian.teen.group.mp4,magnet:?xt=urn:btih:0205386c36e1b72bd2c6f42f668bc8d9c1131cde,828.48 Mb,@yutio_yps
5564,3QdkNbx,Jack.and.Jill.Jessi.Rae.First.Live.Threesome.full.video.HD.https.streamhub.ink.mw6dzzj4wluk.new.pussy.Cum.onlyfans.Fuck.Amateur.Bigtits.Bigass.Blowjob.Rough.doggystyle.cowgirl.threesome.live.lesbian.teen.group.mp4,magnet:?xt=urn:btih:7d2b5ee2a8acec38b69b756c05bf0aa90eaf260e,1063.21 Mb,@yutio_yps
5564,eOy5GIAC,Jack.and.Jill.Savannah.Parker.Mars.Noire.full.video.HD.https.streamhub.ink.ud6fao52cgca.new.pussy.Cum.onlyfans.Fuck.Amateur.Bigtits.Bigass.Blowjob.Rough.doggystyle.cowgirl.orgy.live.lesbian.teen.group.mp4,magnet:?xt=urn:btih:20d314931bdc7e87153e74bf8f41708153ae6a10,731.04 Mb,@yutio_yps
5564,eOy5G9GM,Jack.And.Jill.Kim.And.Paolo.My.Sweet.Apple.And.Claire.Goddess.Claire.Our.First.Real.Orgy.full.video.HD.https.streamhub.ink.e4mhhsau666n.new.pussy.Cum.onlyfans.Fuck.Amateur.Bigtits.Bigass.Blowjob.Rough.doggystyle.cowgirl.orgy.live.lesbian.teen.group.mp4,magnet:?xt=urn:btih:a9f76fce2e1746ec7dbf35c1c740e281e73ba0a5,805.57 Mb,@yutio_yps
5564,eOy5BahU,Jack.and.Jill.Jessi.1st.Fuck.bench.full.video.HD.https.streamhub.ink.bj5hdf62ob0d.new.pussy.Cum.onlyfans.Fuck.Amateur.Bigtits.Bigass.Blowjob.Rough.doggystyle.cowgirl.orgy.live.lesbian.teen.group.mp4,magnet:?xt=urn:btih:d8e78aa393106e6f6a8a6d49b3de4ea6392cf258,1003.17 Mb,@yutio_yps
5564,eOy56d01,OnlyFans.Jack.And.Jill.Val.Steele.Mary.Vienna.And.LillyyLuna.full.video.HD.https.streamhub.ink.rotdi3mpsnuz.new.pussy.Cum.onlyfans.Fuck.Amateur.Bigtits.Bigass.Blowjob.Rough.doggystyle.cowgirl.orgy.live.lesbian.teen.group.mp4,magnet:?xt=urn:btih:bbfcc5de14077604ac7dfcd241700f48902d7dd9,1088.4 Mb,@yutio_yps
